total_packets,total_bytes,udp_packets,tcp_packets,icmp_packets,syn_packets,http_requests,dns_queries,baseline_packets,attack_packets,udp_tcp_ratio,syn_total_ratio,baseline_attack_ratio,bytes_per_packet,ntp_monlist_queries,ntp_responses,avg_ntp_response_size,dns_any_queries,dns_txt_queries,dns_responses,avg_dns_response_size,snmp_getbulk_requests,snmp_responses,avg_snmp_response_size,ssdp_msearch_packets,ssdp_responses,portmap_getport_calls,portmap_dump_calls,netbios_name_queries,netbios_dgram_packets,ldap_bind_requests,ldap_search_requests,mssql_sqlbatch_packets,mssql_rpc_packets,tftp_rrq_packets,tftp_wrq_packets,ntp_amplification_factor,dns_amplification_factor,snmp_amplification_factor,query_response_ratio,fragmentation_ratio,syn_ack_ratio,delta_pps_5w,delta_pps_10w,pps_variance,pps_baseline,ratio_vs_baseline,top_ip_pps_50ms,top_ip_pps_1s,top_ip_pps_1min,ratio_50ms_1min,num_heavy_hitters,ip_concentration,new_ips_ratio,attack_entropy,adaptive_threshold,label
716030088,89870186389,143898113,532631076,39500899,139076482,288509331,53271120,452227760,5839316,0.270164696511249,0.19423273453279802,77.44533092574541,125.51174579831344,0,0,0,0,0,53271123,108,0,0,0,0,83,0,0,0,0,0,0,0,0,5839233,0,0.0,0.0,0.0,0.0,0.0,2.000002617268363,446464.0,891904.0,263875624960.0,1857655.0,3.12,154.0,1824.0,533.0,0.29,5,0.009000000000000001,0.18181818181818182,0.2892873577756004,0.0,tftp
766116650,95644633611,160308497,563981763,41826390,147262735,305489495,56407361,478848602,14120916,0.2842441148225568,0.1922197292018128,33.91059064440296,124.84343423550447,0,0,0,0,0,56407366,108,0,0,0,0,210,0,0,0,0,0,0,0,0,14120706,0,0.0,0.0,0.0,0.0,0.0,2.0000027841433936,445184.0,890624.0,264295104512.0,4204627.0,1.96,162.0,7904.0,1250.0,0.13,5,0.009000000000000001,0.18181818181818182,0.31164317186692697,0.0,tftp
816154106,101413243482,176699590,595305859,44148657,155442133,322454587,59541300,505444240,22391940,0.2968215201120673,0.19045684124757684,22.572597104136577,124.25746894667954,0,0,0,0,0,59541305,108,0,0,0,0,333,0,0,0,0,0,0,0,0,22391607,0,0.0,0.0,0.0,0.0,0.0,2.0000026633741017,445440.0,892416.0,264462286848.0,4402624.0,1.87,155.0,4000.0,1942.0,0.08,5,0.009000000000000001,0.18181818181818182,0.32750415082050616,0.0,tftp
866249440,107184648389,193216064,626559077,46474299,163603777,339375571,62728806,532055568,30676436,0.30837645019066573,0.18886451112741845,17.34411285587413,123.73416182410462,0,0,0,0,0,62728809,108,0,0,0,0,464,0,0,0,0,0,0,0,0,30675972,0,0.0,0.0,0.0,0.0,0.0,2.000002652754011,445184.0,890368.0,264002764800.0,4417584.0,1.87,155.0,9888.0,2651.0,0.06,5,0.009000000000000001,0.18181818181818182,0.33967421107534057,0.0,tftp
914797536,112371117165,219391181,646690787,48715568,168972139,349442231,70780338,556432666,38964436,0.3392520589596709,0.18470987551938486,14.280526632029268,122.83714455151309,0,0,0,0,0,70780338,108,0,0,0,0,590,0,0,0,0,0,0,0,0,38963846,0,0.0,0.0,0.0,0.0,0.0,2.000002497456264,445106.0,890368.0,264248197120.0,4964898.0,1.79,162.0,5856.0,261.0,0.62,5,0.009000000000000001,0.18181818181818182,0.3505290183373099,0.0,tftp
963330317,117556522433,245563135,666813238,50953944,174337882,359505479,78829651,580803609,47249620,0.3682637371395437,0.18097414658652333,12.292238731232125,122.03137424252786,0,0,0,0,0,78829657,108,0,0,0,0,709,0,0,0,0,0,0,0,0,47248911,0,0.0,0.0,0.0,0.0,0.0,2.000002523837907,446720.0,892160.0,264113651712.0,4466136.0,1.85,162.0,2016.0,991.0,0.16,5,0.009000000000000001,0.18181818181818182,0.3596139128313732,0.0,tftp
1011888847,122744593638,271743905,686953143,53191799,179708478,369576041,86882537,605188828,55537621,0.39557851619000456,0.17759705379972432,10.896916668432738,121.30244740013426,0,0,0,0,0,86882538,108,0,0,0,0,843,0,0,0,0,0,0,0,0,55536778,0,0.0,0.0,0.0,0.0,0.0,2.0000025819627663,445205.0,890645.0,264965832704.0,4419452.0,1.87,148.0,7744.0,1690.0,0.09,5,0.008,0.18181818181818182,0.3673408484166697,0.0,tftp
1060366385,127923798734,297880329,707054943,55431116,185069103,379626023,94923028,629533539,63810004,0.42129728665230476,0.1745331666657841,9.865749875207655,120.64112984305892,0,0,0,0,0,94923037,108,0,0,0,0,966,0,0,0,0,0,0,0,0,63809038,0,0.0,0.0,0.0,0.0,0.0,2.0000025828223595,444964.0,891648.0,264436744192.0,4420402.0,1.87,148.0,3904.0,2401.0,0.06,5,0.008,0.2727272727272727,0.373978737166172,0.0,tftp
1108774531,133095691115,323979397,727132159,57662976,190423136,389663942,102950809,653843138,72072660,0.44555778889708,0.17174198241030844,9.071999534913793,120.03855373099294,0,0,0,0,0,102950810,108,0,0,0,0,1100,0,0,0,0,0,0,0,0,72071560,0,0.0,0.0,0.0,0.0,0.0,2.000002394669868,445184.0,890112.0,264010219520.0,4427780.0,1.85,171.0,9344.0,3088.0,0.06,5,0.009000000000000001,0.2727272727272727,0.37974183905253506,0.0,tftp
1157233376,138273126202,350106866,747228810,59897700,195782419,399711188,110986672,678178903,80344020,0.46854037386486747,0.16918144866917492,8.440938143249491,119.485947320275,0,0,0,0,0,110986672,108,0,0,0,0,1216,0,0,0,0,0,0,0,0,80342804,0,0.0,0.0,0.0,0.0,0.0,2.000002523212379,445440.0,892416.0,264695267328.0,4911010.0,1.79,164.0,5472.0,3794.0,0.04,5,0.009000000000000001,0.2727272727272727,0.3847979916958248,0.0,tftp
1205687140,143449878208,376234631,767320615,62131894,201140315,409756702,119024012,702511643,88613464,0.49032258959965513,0.16682629210095085,7.927820573632016,118.97769616087967,0,0,0,0,0,119024020,108,0,0,0,0,1344,0,0,0,0,0,0,0,0,88612120,0,0.0,0.0,0.0,0.0,0.0,2.0000025952066216,446464.0,891904.0,263884521472.0,4431994.0,1.86,171.0,1376.0,4515.0,0.04,5,0.009000000000000001,0.2727272727272727,0.3892587536090665,0.0,tftp
1254137371,148626005143,402365228,787406392,64365751,206496790,419797789,127062316,726841532,96883924,0.5110007133393959,0.16465244938466952,7.50218923833019,118.50855303394033,0,0,0,0,0,127062318,108,0,0,0,0,1475,0,0,0,0,0,0,0,0,96882449,0,0.0,0.0,0.0,0.0,0.0,2.0000025763145532,444998.0,890368.0,264546615296.0,4400505.0,1.87,177.0,7264.0,5212.0,0.03,5,0.01,0.2727272727272727,0.3932209356031751,0.0,tftp
1302683369,153812386524,428541224,807536347,66605798,211864628,429864025,135114050,751217595,105171668,0.5306773194693117,0.162637086679503,7.142775324244168,118.07350134674208,0,0,0,0,0,135114076,108,0,0,0,0,1596,0,0,0,0,0,0,0,0,105170072,0,0.0,0.0,0.0,0.0,0.0,2.0000024921605033,445456.0,892416.0,264433221632.0,4417677.0,1.87,157.0,3296.0,5916.0,0.03,5,0.009000000000000001,0.2727272727272727,0.39676427588833085,0.0,tftp
1351219700,158997965353,454718091,827656175,68845434,217229705,439925765,143164972,775588779,113458900,0.549404577329469,0.1607656438105513,6.835856675853547,117.66995800386866,0,0,0,0,0,143164973,108,0,0,0,0,1722,0,0,0,0,0,0,0,0,113457178,0,0.0,0.0,0.0,0.0,0.0,2.0000025318852974,445368.0,890808.0,264315289600.0,4964012.0,1.79,157.0,9248.0,6594.0,0.02,5,0.009000000000000001,0.2727272727272727,0.39994252335179165,0.0,tftp
1399765230,164184735499,480891717,847791313,71082201,222599062,449993595,151215839,799968335,121743828,0.5672288800628463,0.15902599752388477,6.570914913238969,117.29448051727931,0,0,0,0,0,151215844,108,0,0,0,0,1853,0,0,0,0,0,0,0,0,121741975,0,0.0,0.0,0.0,0.0,0.0,2.0000024797978906,445184.0,891765.0,264325578752.0,5556860.0,1.7,184.0,5536.0,7308.0,0.03,5,0.01,0.2727272727272727,0.4028040230274514,0.0,tftp
1448342496,169374636703,507082880,867934108,73325508,227970399,460065813,159274499,824363784,130030804,0.5842412175372188,0.1574008907627882,6.339757646964945,116.94377343119814,0,0,0,0,0,159274497,108,0,0,0,0,1977,0,0,0,0,0,0,0,0,130028827,0,0.0,0.0,0.0,0.0,0.0,2.0000025003277404,446720.0,892416.0,264153956352.0,4513880.0,1.83,157.0,1344.0,8021.0,0.02,5,0.009000000000000001,0.2727272727272727,0.4053925912408565,0.0,tftp
1496916448,174564514555,533271683,888080589,75564176,233342924,470138419,167331091,848758781,138318548,0.6004766792622691,0.1558823969846579,6.136261501241323,116.61607084899904,0,0,0,0,0,167331090,108,0,0,0,0,2105,0,0,0,0,0,0,0,0,138316443,0,0.0,0.0,0.0,0.0,0.0,2.0000025198996,445531.0,890971.0,264538030080.0,4961724.0,1.79,157.0,7488.0,8726.0,0.02,5,0.009000000000000001,0.2727272727272727,0.4077429330260675,0.0,tftp
1545424864,179747708644,559420070,908202137,77802657,238708786,480198431,175375014,873123191,146592468,0.6159642740413416,0.154461592770129,5.9561258699867174,116.30957468793514,0,0,0,0,0,175375013,108,0,0,0,0,2233,0,0,0,0,0,0,0,0,146590235,0,0.0,0.0,0.0,0.0,0.0,2.000002429741755,445440.0,891904.0,264495022080.0,4467420.0,1.85,157.0,3680.0,225.0,0.7,5,0.009000000000000001,0.2727272727272727,0.4098799422904115,0.0,tftp
1593833303,184919470616,585527318,928268402,80037583,244059829,490231349,183407527,897432499,154852939,0.6307737252915779,0.1531275752242203,5.795385640049105,116.02183883843718,0,0,0,0,0,183407537,108,0,0,0,0,2351,0,0,0,0,0,0,0,0,154850588,0,0.0,0.0,0.0,0.0,0.0,2.0000024502218783,445184.0,890368.0,264164278272.0,4425882.0,1.85,152.0,8672.0,948.0,0.16,5,0.008,0.2727272727272727,0.41183094846235535,0.0,tftp
1642309856,190098660236,611663877,948372374,82273605,249420698,500285009,191448118,921776324,163125204,0.6449617194353239,0.1518718876884095,5.6507290191649355,115.7507881606478,0,0,0,0,0,191448118,108,0,0,0,0,2484,0,0,0,0,0,0,0,0,163122720,0,0.0,0.0,0.0,0.0,0.0,2.000002501800314,445440.0,893696.0,265242279936.0,4909482.0,1.79,166.0,4992.0,1674.0,0.1,5,0.009000000000000001,0.2727272727272727,0.4136209410060107,0.0,tftp
1690773984,195276946203,637798466,968465052,84510466,254778511,510333283,199486723,946114617,171395796,0.6585663206771037,0.15068750371782394,5.5200573122575305,115.49559435556112,0,0,0,0,0,199486731,108,0,0,0,0,2609,0,0,0,0,0,0,0,0,171393187,0,0.0,0.0,0.0,0.0,0.0,2.0000025041389726,446720.0,892160.0,264008761344.0,4431077.0,1.86,193.0,896.0,2387.0,0.08,5,0.01,0.2727272727272727,0.4152659462242357,0.0,tftp
1739196307,200457196798,663561113,988891355,86743839,260243164,520414383,207342479,970531470,179664084,0.6710151824514635,0.1496341516783131,5.401922567896208,115.25852256653855,0,0,0,0,0,207342486,108,0,0,0,0,2735,0,0,0,0,0,0,0,0,179661349,0,0.0,0.0,0.0,0.0,0.0,2.000002489982049,445440.0,890880.0,264450211840.0,4927486.0,1.79,152.0,6912.0,3069.0,0.05,5,0.008,0.2727272727272727,0.4167895824025419,0.0,tftp
1787067104,205759573862,679542126,1018580404,88944574,268654924,531548963,210312044,997384125,187952596,0.6671462786162142,0.15033286853004485,5.30657275412147,115.13813521688552,0,0,0,0,0,210312047,108,0,0,0,0,2859,0,0,0,0,0,0,0,0,187949737,0,0.0,0.0,0.0,0.0,0.0,2.000002560909254,446720.0,891904.0,264204779520.0,4994065.0,1.77,152.0,2816.0,3749.0,0.04,5,0.008,0.2727272727272727,0.4184089870997293,0.0,tftp
1834925192,211060703563,695522252,1048256449,91146491,277063472,542675324,213281432,1024231965,196237692,0.6635039094331391,0.15099442375523284,5.2193437181273,115.02414620671904,0,0,0,0,0,213281439,108,0,0,0,0,2985,0,0,0,0,0,0,0,0,196234707,0,0.0,0.0,0.0,0.0,0.0,2.0000024254399547,445184.0,890247.0,264074985472.0,4463972.0,1.85,166.0,8608.0,4447.0,0.04,5,0.009000000000000001,0.2727272727272727,0.4199075855442891,0.0,tftp
1882766304,216360351543,711494231,1077928579,93343494,285470832,553800771,216248105,1051071628,204520148,0.6600569322135025,0.15162308322254742,5.139208230966076,114.91620127433511,0,0,0,0,0,216248107,108,0,0,0,0,3119,0,0,0,0,0,0,0,0,204517029,0,0.0,0.0,0.0,0.0,0.0,2.0000024661043763,444928.0,891392.0,264091500544.0,5503775.0,1.72,173.0,5024.0,5153.0,0.03,5,0.009000000000000001,0.2727272727272727,0.42129712522916646,0.0,tftp
1930591456,221657888309,727462684,1107583623,95545149,293873335,564919728,219214890,1077900011,212800468,0.6568015894182285,0.15221932847919947,5.065308460693799,114.81346176070511,0,0,0,0,0,219214895,108,0,0,0,0,3237,0,0,0,0,0,0,0,0,212797231,0,0.0,0.0,0.0,0.0,0.0,2.0000024296211407,446208.0,891136.0,263501332480.0,6101060.0,1.64,187.0,864.0,5848.0,0.03,5,0.01,0.2727272727272727,0.42258901392151627,0.0,tftp
1978380768,226951195087,743425823,1137211374,97743571,302267836,576030702,222178935,1104703629,221081300,0.6537270379077302,0.15278547026393252,4.9968207577936266,114.71562944702059,0,0,0,0,0,222178938,108,0,0,0,0,3367,0,0,0,0,0,0,0,0,221077933,0,0.0,0.0,0.0,0.0,0.0,2.0000023687629405,444928.0,890112.0,264284749824.0,4553866.0,1.81,152.0,7072.0,6557.0,0.02,5,0.008,0.2727272727272727,0.4237931856524554,0.0,tftp
2026198752,232247973030,759398967,1166857206,99942579,310667416,587148710,225144884,1131524249,229366228,0.6508071108402617,0.15332524299175956,4.933264408045286,114.62250324690754,0,0,0,0,0,225144888,108,0,0,0,0,3495,0,0,0,0,0,0,0,0,229362733,0,0.0,0.0,0.0,0.0,0.0,2.000002317593662,446464.0,891904.0,264058912768.0,4416286.0,1.87,173.0,2880.0,7262.0,0.02,5,0.009000000000000001,0.2727272727272727,0.4249179242299822,0.0,tftp
2074054880,237549101610,775370652,1196539516,102144712,319077685,598277835,228112086,1158372738,237648852,0.6480109028008064,0.15384245039841954,4.874303949930295,114.53366248920086,0,0,0,0,0,228112084,108,0,0,0,0,3616,0,0,0,0,0,0,0,0,237645236,0,0.0,0.0,0.0,0.0,0.0,2.000002325455203,445184.0,890368.0,263950680064.0,4415846.0,1.87,159.0,8512.0,7941.0,0.02,5,0.009000000000000001,0.2727272727272727,0.42596914083202947,0.0,tftp
2121892576,242848057037,791341800,1226209236,104341540,327483928,609405606,231077495,1185206693,245934548,0.6453562546808284,0.1543357716144816,4.819195605653582,114.44879905032478,0,0,0,0,0,231077500,108,0,0,0,0,3745,0,0,0,0,0,0,0,0,245930803,0,0.0,0.0,0.0,0.0,0.0,2.000002308512901,445696.0,892672.0,264509210624.0,4416632.0,1.87,180.0,4800.0,8632.0,0.02,5,0.01,0.2727272727272727,0.42695465010900646,0.0,tftp
2169758688,248150369438,807321892,1255895063,106541733,335894580,620540489,234045884,1212057579,254222036,0.6428259141902527,0.15480734417964917,4.7677125007369545,114.3677270704861,0,0,0,0,0,234045887,108,0,0,0,0,3871,0,0,0,0,0,0,0,0,254218165,0,0.0,0.0,0.0,0.0,0.0,2.0000023102513187,446464.0,891904.0,263714095104.0,4417056.0,1.87,179.0,832.0,192.0,0.93,5,0.01,0.2727272727272727,0.42787960843125217,0.0,tftp
2217577184,253446674616,823290417,1285545115,108741652,344295511,631658919,237011657,1238878058,262506452,0.6404212558498968,0.15525750962993312,4.719419460211972,114.28990000647481,0,0,0,0,0,237011676,108,0,0,0,0,3994,0,0,0,0,0,0,0,0,262502458,0,0.0,0.0,0.0,0.0,0.0,2.00000215512772,445184.0,890624.0,264339243008.0,5492374.0,1.72,166.0,7456.0,899.0,0.18,5,0.009000000000000001,0.2727272727272727,0.42874988451438406,0.0,tftp
2265339616,258737252904,839246672,1315157553,110935391,352685573,642764830,239975670,1265667832,270780884,0.638133940747706,0.15568772580896761,4.674140261688487,114.21565714763008,0,0,0,0,0,239975685,108,0,0,0,0,4126,0,0,0,0,0,0,0,0,270776758,0,0.0,0.0,0.0,0.0,0.0,2.0000021945917514,448508.0,894204.0,264902541312.0,4512836.0,1.83,173.0,2816.0,1620.0,0.11,5,0.009000000000000001,0.2727272727272727,0.4295683183756247,0.0,tftp
2313075939,264025194811,855176662,1344766705,113132572,361074572,653870400,242934644,1292447226,279043540,0.6359293837513623,0.1561014776523513,4.631704521810467,114.14462895893709,0,0,0,0,0,242934657,108,0,0,0,0,4250,0,0,0,0,0,0,0,0,279039290,0,0.0,0.0,0.0,0.0,0.0,2.0000021048305774,445184.0,890624.0,264174747648.0,4426244.0,1.85,161.0,8512.0,2332.0,0.07,5,0.009000000000000001,0.2727272727272727,0.4303382965735454,0.0,tftp
2360839459,269316197271,871130805,1374381047,115327607,369465058,664977911,245898814,1319239991,287314388,0.6338349956887902,0.1564973241155912,4.591625223446868,114.07645540839802,0,0,0,0,0,245898833,108,0,0,0,0,4373,0,0,0,0,0,0,0,0,287310015,0,0.0,0.0,0.0,0.0,0.0,2.0000022194275,445440.0,892160.0,264506261504.0,4366064.0,1.88,168.0,4352.0,3032.0,0.06,5,0.009000000000000001,0.2727272727272727,0.4310667639433817,0.0,tftp
2408594400,274605694327,887075755,1403992278,117526367,377855404,676078685,248860902,1346028453,295583956,0.6318238133500618,0.15687797165018735,4.553794025951801,114.01076674719496,0,0,0,0,0,248860904,108,0,0,0,0,4503,0,0,0,0,0,0,0,0,295579453,0,0.0,0.0,0.0,0.0,0.0,2.0000022019029164,445184.0,890624.0,263850770432.0,4382616.0,1.88,182.0,10304.0,3738.0,0.05,5,0.01,0.2727272727272727,0.43175625132084916,0.0,tftp
2456332256,279894267635,903016869,1433592416,119722971,386242054,687179709,251820844,1372808640,303849684,0.6298979116530148,0.15724340754657257,4.518051893053803,113.94804874271863,0,0,0,0,0,251820847,108,0,0,0,0,4626,0,0,0,0,0,0,0,0,303845058,0,0.0,0.0,0.0,0.0,0.0,2.0000021851606093,445083.0,890011.0,264228454400.0,4396916.0,1.87,168.0,6336.0,4446.0,0.04,5,0.009000000000000001,0.2727272727272727,0.43240835775769376,0.0,tftp
2504209888,285198037929,918998073,1463285897,121925918,394655325,698313939,254791111,1399671069,312132820,0.6280372652289699,0.157596744143197,4.4842162672928785,113.8874338351786,0,0,0,0,0,254791112,108,0,0,0,0,4760,0,0,0,0,0,0,0,0,312128060,0,0.0,0.0,0.0,0.0,0.0,2.000002174051326,446723.0,892161.0,264098856960.0,4412788.0,1.87,175.0,2624.0,5166.0,0.03,5,0.009000000000000001,0.2727272727272727,0.4330275686011732,0.0,tftp
2552044868,290496619142,934965086,1492954083,124125699,403061343,709439518,257757737,1426505488,320413652,0.6262517358345306,0.1579366209638286,4.452074620091406,113.82896232919992,0,0,0,0,0,257757737,108,0,0,0,0,4876,0,0,0,0,0,0,0,0,320408776,0,0.0,0.0,0.0,0.0,0.0,2.000002198178985,444928.0,890112.0,264108638208.0,4413833.0,1.87,168.0,8672.0,5849.0,0.03,5,0.009000000000000001,0.2727272727272727,0.43361537507409853,0.0,tftp
2599894496,295797145225,950938746,1522631373,126324377,411470190,720566708,260724436,1453349382,328698068,0.6245364195579333,0.15826418750186083,4.421533083060288,113.77274950198594,0,0,0,0,0,260724433,108,0,0,0,0,5007,0,0,0,0,0,0,0,0,328693061,0,0.0,0.0,0.0,0.0,0.0,2.000002158117355,445215.0,891697.0,264249327616.0,4415778.0,1.87,182.0,4576.0,6546.0,0.03,5,0.01,0.2727272727272727,0.4341744404540671,0.0,tftp
2647750624,301098300087,966916835,1552309872,128523917,419878932,731697509,263693698,1480196159,336981716,0.6228890587123703,0.15857948561850665,4.392511785416868,113.71852672141982,0,0,0,0,0,263693698,108,0,0,0,0,5137,0,0,0,0,0,0,0,0,336976579,0,0.0,0.0,0.0,0.0,0.0,2.000002133950736,445384.0,890824.0,263980302336.0,4414554.0,1.87,189.0,10304.0,7249.0,0.03,5,0.01,0.2727272727272727,0.434705831994595,0.0,tftp
2695611360,306399764984,982896059,1581989011,130726290,428288369,742825075,266662368,1507045100,345267924,0.6213039737733046,0.15888357474498846,4.364856956709364,113.66614992452028,0,0,0,0,0,266662375,108,0,0,0,0,5257,0,0,0,0,0,0,0,0,345262667,0,0.0,0.0,0.0,0.0,0.0,2.0000021620970077,445184.0,890368.0,264190738432.0,4416094.0,1.87,161.0,6592.0,7948.0,0.02,5,0.009000000000000001,0.2727272727272727,0.4352125078225745,0.0,tftp
2743461600,311700164433,998872597,1611661935,132927068,436695712,753952400,269631687,1533888177,353550804,0.6197779914681673,0.15917689972405663,4.33852266674523,113.61564690134537,0,0,0,0,0,269631685,108,0,0,0,0,5383,0,0,0,0,0,0,0,0,353545421,0,0.0,0.0,0.0,0.0,0.0,2.000002088412886,446464.0,891648.0,263890960384.0,4415070.0,1.87,182.0,2400.0,8615.0,0.02,5,0.01,0.2727272727272727,0.4356949893933707,0.0,tftp
2791291875,316998327785,1014843831,1641324015,135124029,445100018,765075607,272598212,1560719154,361833680,0.6183080377337926,0.15946022054751977,4.313360641275848,113.56688658186275,0,0,0,0,0,272598207,108,0,0,0,0,5514,0,0,0,0,0,0,0,0,361828166,0,0.0,0.0,0.0,0.0,0.0,2.0000021298606407,445440.0,890624.0,264814886912.0,4413810.0,1.87,161.0,8192.0,137.0,1.18,5,0.009000000000000001,0.2727272727272727,0.4361555285867346,0.0,tftp
2839116777,322295581339,1030808134,1670985517,137323128,453504346,776197359,275562060,1587545403,370118100,0.6168863365438733,0.15973430528602733,4.2892941550278145,113.5196635622572,0,0,0,0,0,275562064,108,0,0,0,0,5639,0,0,0,0,0,0,0,0,370112461,0,0.0,0.0,0.0,0.0,0.0,2.0000021609518575,445440.0,892160.0,264296857600.0,4415726.0,1.87,182.0,4640.0,867.0,0.21,5,0.01,0.2727272727272727,0.43659565004665235,0.0,tftp
2887036164,327609818873,1046956921,1700551907,139527336,461846947,787544021,278613626,1614314954,378404308,0.6156571385386121,0.1599726919804528,4.266111457695138,113.47617427108891,0,0,0,0,0,278613630,108,0,0,0,0,5768,0,0,0,0,0,0,0,0,378398540,0,0.0,0.0,0.0,0.0,0.0,2.000002126247776,444928.0,890368.0,263912210432.0,4415395.0,1.87,168.0,10240.0,1590.0,0.11,5,0.009000000000000001,0.2727272727272727,0.43699464928691545,0.0,tftp
2935576565,333062115079,1065075034,1728734992,141766539,469395738,801386061,282637431,1640117882,386687188,0.6161008129810563,0.15989899347081074,4.241459073115192,113.45713787540063,0,0,0,0,0,282637437,108,0,0,0,0,5894,0,0,0,0,0,0,0,0,386681294,0,0.0,0.0,0.0,0.0,0.0,2.0000021048359833,445184.0,890368.0,264223375360.0,4414478.0,1.87,168.0,6464.0,2294.0,0.07,5,0.009000000000000001,0.2727272727272727,0.4371322885156509,0.0,tftp
2984123335,338514672814,1083203605,1756914193,144005537,476943780,815224031,286664588,1665922353,394973652,0.6165375687189295,0.15982710044388967,4.217806288000193,113.43856630979363,0,0,0,0,0,286664591,108,0,0,0,0,6013,0,0,0,0,0,0,0,0,394967639,0,0.0,0.0,0.0,0.0,0.0,2.0000021050721255,446720.0,892050.0,264152596480.0,4415658.0,1.87,182.0,2400.0,3003.0,0.06,5,0.01,0.2727272727272727,0.43726408118973903,0.0,tftp
3032641760,343964094909,1101312608,1785083216,146245936,484488914,829058375,290686844,1691711981,403253716,0.6169530911101233,0.1597580434294356,4.195155342350273,113.42061546662867,0,0,0,0,0,290686847,108,0,0,0,0,6146,0,0,0,0,0,0,0,0,403247570,0,0.0,0.0,0.0,0.0,0.0,2.000002088801266,445184.0,890312.0,264022818816.0,4959472.0,1.79,189.0,8224.0,3709.0,0.05,5,0.01,0.2727272727272727,0.43738928650269004,0.0,tftp
3081155183,349412959096,1119430878,1813240938,148483367,492030914,842887880,294710786,1717496834,411536852,0.6173646615516686,0.15969040336388665,4.17337311507646,113.40323298996914,0,0,0,0,0,294710790,108,0,0,0,0,6271,0,0,0,0,0,0,0,0,411530581,0,0.0,0.0,0.0,0.0,0.0,2.0000021299497375,445052.0,891392.0,264107802624.0,4462650.0,1.85,168.0,4352.0,4421.0,0.04,5,0.009000000000000001,0.2727272727272727,0.43750931213847144,0.0,tftp
3129670893,354861871005,1137549301,1841401734,150719858,499574097,856716276,298735912,1743284127,419818964,0.6177626967521906,0.15962512164374082,4.152466364049243,113.38632180102523,0,0,0,0,0,298735919,108,0,0,0,0,6396,0,0,0,0,0,0,0,0,419812568,0,0.0,0.0,0.0,0.0,0.0,2.0000020937856893,444928.0,890112.0,263631699968.0,4959464.0,1.79,168.0,10400.0,5120.0,0.03,5,0.009000000000000001,0.2727272727272727,0.43762404187418674,0.0,tftp
3178186727,360310815619,1155656778,1869570445,152959504,507119145,870550482,302758322,1769071755,428098772,0.6181402691140638,0.15956241359005588,4.132391566402344,113.36993278526143,0,0,0,0,0,302758326,108,0,0,0,0,6521,0,0,0,0,0,0,0,0,428092251,0,0.0,0.0,0.0,0.0,0.0,2.000002133623163,445122.0,890112.0,264141340672.0,4460746.0,1.85,182.0,6720.0,5830.0,0.03,5,0.01,0.2727272727272727,0.4377332149643743,0.0,tftp
3226736489,365763890048,1173783914,1897754426,155198149,514668775,884388559,306785892,1794880945,436382420,0.6185120149997743,0.15950133416673926,4.113091780828384,113.3541246069815,0,0,0,0,0,306785905,108,0,0,0,0,6649,0,0,0,0,0,0,0,0,436375771,0,0.0,0.0,0.0,0.0,0.0,2.00000212564122,446414.0,891392.0,263809269760.0,4959845.0,1.79,168.0,2464.0,6496.0,0.03,5,0.009000000000000001,0.2727272727272727,0.4378379869850592,0.0,tftp
3275266363,371215040367,1191897825,1925932161,157436379,522216535,898224894,310809373,1820680544,444661716,0.6188680209697168,0.1594424627258934,4.09452956818077,113.33888582636783,0,0,0,0,0,310809381,108,0,0,0,0,6780,0,0,0,0,0,0,0,0,444654936,0,0.0,0.0,0.0,0.0,0.0,2.0000020949186257,444928.0,889879.0,263821737984.0,4461270.0,1.85,175.0,8576.0,7193.0,0.02,5,0.009000000000000001,0.2727272727272727,0.4379379976221241,0.0,tftp
3323840411,376670570051,1210024689,1954137593,159678129,529771959,912073033,314836776,1846502460,452948623,0.6192116119839673,0.15938549794591808,4.076626721525545,113.32390351968677,0,0,0,0,0,314836782,108,0,0,0,0,6898,0,0,0,0,0,0,0,0,452941725,0,0.0,0.0,0.0,0.0,0.0,2.0000021103441976,445184.0,891904.0,264346877952.0,4416000.0,1.87,161.0,4480.0,7887.0,0.02,5,0.009000000000000001,0.2727272727272727,0.4380340512008326,0.0,tftp
3372413664,382126780851,1228153093,1982343450,161917121,537326993,925925185,318863878,1872325768,461233620,0.6195460695773984,0.15933009604838322,4.059387015196334,113.30958148169809,0,0,0,0,0,318863878,108,0,0,0,0,7027,0,0,0,0,0,0,0,0,461226593,0,0.0,0.0,0.0,0.0,0.0,2.000002110448966,445440.0,890624.0,263850852352.0,4946535.0,1.79,154.0,10080.0,8617.0,0.02,5,0.008,0.2727272727272727,0.4381257358864594,0.0,tftp
3420956141,387578637704,1246276575,2010523279,164156287,544875048,939764755,322889242,1898126234,469520852,0.6198767196666715,0.15927566023711848,4.042687829336279,113.29541266515758,0,0,0,0,0,322889248,108,0,0,0,0,7156,0,0,0,0,0,0,0,0,469513696,0,0.0,0.0,0.0,0.0,0.0,2.0000021436130284,445416.0,890624.0,265398501376.0,4462341.0,1.85,182.0,6432.0,107.0,1.69,5,0.01,0.2727272727272727,0.43821444174633606,0.0,tftp
3469485536,393029118207,1264393937,2038696951,166394648,552421737,953598969,326914359,1923921967,477803220,0.6201971001034768,0.1592229543164177,4.026598998223578,113.28167076324713,0,0,0,0,0,326914367,108,0,0,0,0,7279,0,0,0,0,0,0,0,0,477795941,0,0.0,0.0,0.0,0.0,0.0,2.0000021324310344,446208.0,891392.0,263790493696.0,4414652.0,1.87,182.0,2720.0,836.0,0.22,5,0.01,0.2727272727272727,0.4382995616588001,0.0,tftp
3518009312,398479337718,1282509055,2066869133,168631124,559968006,967432657,330938284,1949716423,486083796,0.6205081079025433,0.159171837348451,4.011070599440431,113.268414713622,0,0,0,0,0,330938300,108,0,0,0,0,7406,0,0,0,0,0,0,0,0,486076390,0,0.0,0.0,0.0,0.0,0.0,2.0000021072654697,445696.0,890880.0,264258797568.0,4944237.0,1.79,147.0,8352.0,1541.0,0.1,5,0.008,0.2727272727272727,0.4383812591504497,0.0,tftp
3566573602,403934083928,1300636216,2095064126,170873260,567520145,981279511,334965509,1975532390,494369046,0.6208097403124547,0.15912194961622442,3.9960681316604925,113.2555020598731,0,0,0,0,0,334965509,108,0,0,0,0,7537,0,0,0,0,0,0,0,0,494361510,0,0.0,0.0,0.0,0.0,0.0,2.0000021743745178,445440.0,892160.0,264198864896.0,4462676.0,1.85,161.0,4576.0,2246.0,0.07,5,0.009000000000000001,0.2727272727272727,0.438459611946898,0.0,tftp
3615130397,409387929748,1318768427,2123247782,173114188,575069452,995118989,338993926,2001343472,502655444,0.6211090566913401,0.15907294864860722,3.981541423432788,113.24292204998436,0,0,0,0,0,338993934,108,0,0,0,0,7655,0,0,0,0,0,0,0,0,502647789,0,0.0,0.0,0.0,0.0,0.0,2.000002135396528,445440.0,890879.0,263745290240.0,4962344.0,1.79,161.0,10464.0,2962.0,0.05,5,0.009000000000000001,0.2727272727272727,0.43853544616015483,0.0,tftp
3663599840,414822202886,1336965086,2151285842,175348912,582600103,1008734441,343057493,2027135319,510940628,0.6214725444188555,0.15902394596676256,3.9674576808168798,113.22803280993702,0,0,0,0,0,343057498,108,0,0,0,0,7787,0,0,0,0,0,0,0,0,510932841,0,0.0,0.0,0.0,0.0,0.0,2.000002111227396,445440.0,890624.0,264085716992.0,4463641.0,1.85,154.0,6560.0,3686.0,0.04,5,0.008,0.2727272727272727,0.43862163960371037,0.0,tftp
3711409888,420105045799,1355701773,2178159692,177548423,589977110,1020591818,347406755,2052778719,519226836,0.6224069695069906,0.15896307004719604,3.9535297035378965,113.19284543518465,0,0,0,0,0,347406758,108,0,0,0,0,7914,0,0,0,0,0,0,0,0,519218922,0,0.0,0.0,0.0,0.0,0.0,2.0000021153385426,446724.0,892420.0,264238137344.0,4415664.0,1.87,161.0,2624.0,4375.0,0.04,5,0.009000000000000001,0.2727272727272727,0.43880690964290786,0.0,tftp
3759246851,425391614248,1374446870,2205054339,179745642,597359893,1032457856,351757459,2078440842,527514580,0.6233165531074016,0.15890414135509506,3.9400633097193256,113.1587339455618,0,0,0,0,0,351757457,108,0,0,0,0,8033,0,0,0,0,0,0,0,0,527506547,0,0.0,0.0,0.0,0.0,0.0,2.0000021260238006,445696.0,891392.0,264357052416.0,4417453.0,1.87,189.0,8320.0,5077.0,0.04,5,0.01,0.2727272727272727,0.4389860076269882,0.0,tftp
3807072480,430676722602,1393186085,2231940425,181945970,604740247,1044320697,356106343,2104095404,535801300,0.6242039748888011,0.1588465284485469,3.927006903492022,113.12543295787214,0,0,0,0,0,356106352,108,0,0,0,0,8166,0,0,0,0,0,0,0,0,535793135,0,0.0,0.0,0.0,0.0,0.0,2.000002106691837,445537.0,892513.0,264524103680.0,4947750.0,1.79,175.0,4288.0,5761.0,0.03,5,0.009000000000000001,0.2727272727272727,0.439159394542554,0.0,tftp
3854893024,435961204187,1411920264,2258826295,184146465,612120871,1056180969,360454599,2129749133,544085204,0.625068101573521,0.15879062458777066,3.9143669361756803,113.09294485547831,0,0,0,0,0,360454599,108,0,0,0,0,8291,0,0,0,0,0,0,0,0,544076913,0,0.0,0.0,0.0,0.0,0.0,2.0000021139638084,445440.0,890624.0,263574274048.0,5521589.0,1.71,161.0,10400.0,6475.0,0.02,5,0.009000000000000001,0.2727272727272727,0.439327294601118,0.0,tftp
3902669648,441240839866,1430645918,2285683586,186340144,619493496,1068029762,364801036,2155377269,552364612,0.6259159958809801,0.158735827491182,3.9020915210259703,113.06128359906727,0,0,0,0,0,364801040,108,0,0,0,0,8424,0,0,0,0,0,0,0,0,552356188,0,0.0,0.0,0.0,0.0,0.0,2.000002117861443,445184.0,890257.0,263952629760.0,5051534.0,1.75,168.0,7008.0,7162.0,0.02,5,0.009000000000000001,0.2727272727272727,0.43949001189516024,0.0,tftp
3950465760,446522486180,1449369422,2312557106,188539232,626870510,1079886197,369146772,2181016598,560645076,0.6267388676541508,0.15868268403875496,3.890191301706893,113.03033953647025,0,0,0,0,0,369146775,108,0,0,0,0,8542,0,0,0,0,0,0,0,0,560636534,0,0.0,0.0,0.0,0.0,0.0,2.000002124843,446464.0,891392.0,263606173696.0,4991296.0,1.77,147.0,2496.0,7858.0,0.02,5,0.008,0.2727272727272727,0.4396475588863617,0.0,tftp
3998234848,451801699565,1468087999,2339413776,190733073,634242780,1091736130,373490320,2206641625,568922580,0.6275452483272032,0.1586306968229396,3.8786325285243555,113.00029056347218,0,0,0,0,0,373490327,108,0,0,0,0,8671,0,0,0,0,0,0,0,0,568913909,0,0.0,0.0,0.0,0.0,0.0,2.0000020749173766,445184.0,890112.0,263732101120.0,5546432.0,1.7,161.0,8512.0,8575.0,0.02,5,0.009000000000000001,0.2727272727272727,0.43980032861819013,0.0,tftp
4046065367,457087323087,1486827334,2366302105,192935928,641624156,1103596787,377840729,2232302220,577205716,0.6283336903002924,0.15857978005820983,3.8674291645441707,112.97082019856552,0,0,0,0,0,377840735,108,0,0,0,0,8800,0,0,0,0,0,0,0,0,577196916,0,0.0,0.0,0.0,0.0,0.0,2.000002094686422,445440.0,894318.0,265030254592.0,4509004.0,1.83,196.0,4512.0,76.0,2.58,5,0.011000000000000001,0.2727272727272727,0.4399486636302783,0.0,tftp
4093868256,462370115272,1505553588,2393178986,195135682,649002185,1115454075,382187443,2257947585,585484756,0.6291019588620105,0.1585303054266141,3.85654376456558,112.94210911510095,0,0,0,0,0,382187449,108,0,0,0,0,8921,0,0,0,0,0,0,0,0,585475835,0,0.0,0.0,0.0,0.0,0.0,2.000002117098349,445109.0,890006.0,263438843904.0,4412743.0,1.87,161.0,10112.0,809.0,0.2,5,0.009000000000000001,0.2727272727272727,0.440092436793902,0.0,tftp
4141644512,467649817759,1524274785,2420039399,197330328,656375573,1127304898,386532476,2283576476,593762772,0.6298553592267363,0.15848187141562187,3.845940809505652,112.91404088497492,0,0,0,0,0,386532477,108,0,0,0,0,9048,0,0,0,0,0,0,0,0,593753724,0,0.0,0.0,0.0,0.0,0.0,2.0000020872218376,445197.0,890125.0,263898464256.0,4412002.0,1.87,161.0,6432.0,1494.0,0.11,5,0.009000000000000001,0.2727272727272727,0.4402321364603835,0.0,tftp
4189460192,472934008696,1543005840,2446923280,199531072,663755007,1139169160,390879166,2309225499,602046932,0.630590199787547,0.15843449432160162,3.835623730078239,112.88662190873492,0,0,0,0,0,390879170,108,0,0,0,0,9177,0,0,0,0,0,0,0,0,602037755,0,0.0,0.0,0.0,0.0,0.0,2.0000020881220215,446720.0,891891.0,263856177152.0,4415128.0,1.87,196.0,2496.0,2220.0,0.09,5,0.011000000000000001,0.2727272727272727,0.44036770388695673,0.0,tftp
4237258208,478216497718,1561736675,2473792361,201729172,671130838,1151023371,395225068,2334867166,610328788,0.6313127567297876,0.15838799644848078,3.8255891118149257,112.8598905809235,0,0,0,0,0,395225075,108,0,0,0,0,9300,0,0,0,0,0,0,0,0,610319488,0,0.0,0.0,0.0,0.0,0.0,2.000002109873982,445350.0,890702.0,264164098048.0,4958680.0,1.79,154.0,8352.0,2915.0,0.05,5,0.008,0.2727272727272727,0.4404996894701611,0.0,tftp
4285096944,483503209281,1580474267,2500693324,203929354,678515505,1162891092,399573053,2360531692,618615508,0.6320144304907978,0.1583430932525479,3.815830126263178,112.83366878268694,0,0,0,0,0,399573063,108,0,0,0,0,9431,0,0,0,0,0,0,0,0,618606077,0,0.0,0.0,0.0,0.0,0.0,2.0000021134395674,445440.0,892160.0,264428847104.0,4994710.0,1.77,175.0,4480.0,3605.0,0.05,5,0.009000000000000001,0.2727272727272727,0.44062789283343085,0.0,tftp
4332890646,488784388132,1599203221,2527560036,206127389,685890837,1174743138,403920268,2386168069,626898132,0.6327063247648216,0.15829867241934542,3.8063091070113444,112.80792156230198,0,0,0,0,0,403920275,108,0,0,0,0,9556,0,0,0,0,0,0,0,0,626888576,0,0.0,0.0,0.0,0.0,0.0,2.0000020965457326,445184.0,890112.0,263573864448.0,5005504.0,1.77,182.0,10176.0,4300.0,0.04,5,0.01,0.2727272727272727,0.44075277654658523,0.0,tftp
4380720608,494070432058,1617944366,2554451030,208325212,693272555,1186607936,408271423,2411829106,635180244,0.6333824164168846,0.1582553687021165,3.7970782762569675,112.78291319371903,0,0,0,0,0,408271428,108,0,0,0,0,9675,0,0,0,0,0,0,0,0,635170569,0,0.0,0.0,0.0,0.0,0.0,2.000002091531687,445555.0,890665.0,264158150656.0,4461714.0,1.85,161.0,6208.0,5024.0,0.03,5,0.009000000000000001,0.2727272727272727,0.4408738237307866,0.0,tftp
4428548509,499355584719,1636687583,2581334630,210526296,700652437,1198468034,412622612,2437484386,643467185,0.6340470406194488,0.15821265942465937,3.7880476935276817,112.75829624631533,0,0,0,0,0,412622603,108,0,0,0,0,9810,0,0,0,0,0,0,0,0,643457375,0,0.0,0.0,0.0,0.0,0.0,2.0000020637928535,447232.0,892560.0,264208564224.0,4416106.0,1.87,168.0,2368.0,5721.0,0.03,5,0.009000000000000001,0.2727272727272727,0.44099202422125977,0.0,tftp
4476379360,504641335628,1655434451,2608217220,212727689,708031935,1210328411,416973277,2463141686,651755476,0.6346996094903475,0.15817067278229965,3.779242026652339,112.73426469109624,0,0,0,0,0,416973289,108,0,0,0,0,9932,0,0,0,0,0,0,0,0,651745544,0,0.0,0.0,0.0,0.0,0.0,2.0000021157260153,445952.0,891392.0,264517500928.0,4961054.0,1.79,168.0,8320.0,6414.0,0.03,5,0.009000000000000001,0.2727272727272727,0.44110711616753445,0.0,tftp
4524209376,509927196548,1674174024,2635109809,214925543,715414230,1222193185,421322565,2488800766,660041172,0.6353336844946639,0.1581302213365998,3.7706750299510103,112.7107863869119,0,0,0,0,0,421322578,108,0,0,0,0,10066,0,0,0,0,0,0,0,0,660031106,0,0.0,0.0,0.0,0.0,0.0,2.0000020966895957,445952.0,892672.0,264407449600.0,4464230.0,1.85,154.0,4576.0,7127.0,0.02,5,0.008,0.2727272727272727,0.44121893545287444,0.0,tftp
4572061116,515215183104,1692920709,2662012952,217127455,722799198,1234063860,425673730,2514470179,668330672,0.6359550984633977,0.15809044972530065,3.7623145014059745,112.68772880156749,0,0,0,0,0,425673729,108,0,0,0,0,10183,0,0,0,0,0,0,0,0,668320489,0,0.0,0.0,0.0,0.0,0.0,2.0000021472100005,445696.0,890624.0,263808729088.0,4417272.0,1.87,168.0,10048.0,7817.0,0.02,5,0.009000000000000001,0.2727272727272727,0.44132784754778775,0.0,tftp
4619858806,520497064213,1711648628,2688882644,219327534,730175132,1245918972,430018812,2540108538,676614868,0.6365650177479445,0.15805139565124623,3.754142360939074,112.66514542327768,0,0,0,0,0,430018818,108,0,0,0,0,10311,0,0,0,0,0,0,0,0,676604557,0,0.0,0.0,0.0,0.0,0.0,2.0000020871726845,445696.0,891136.0,264536604672.0,4415108.0,1.87,161.0,6848.0,8491.0,0.02,5,0.009000000000000001,0.2727272727272727,0.4414341124730349,0.0,tftp
4667702288,525784651793,1730397304,2715777338,221527646,737558025,1257784269,434369637,2565775290,684903172,0.6371646451966969,0.15801308213168544,3.7461868989562803,112.64314203258373,0,0,0,0,0,434369642,108,0,0,0,0,10443,0,0,0,0,0,0,0,0,684892729,0,0.0,0.0,0.0,0.0,0.0,2.0000020635685853,449536.0,894976.0,264842969088.0,4415778.0,1.87,161.0,2784.0,46.0,3.46,5,0.009000000000000001,0.2727272727272727,0.4415376430678182,0.0,tftp
4715516640,531068439550,1749138593,2742651723,223726324,744935308,1269640903,438720709,2591424114,693187028,0.6377545418295898,0.15797533226391075,3.7384198049361075,112.62147503523602,0,0,0,0,0,438720715,108,0,0,0,0,10563,0,0,0,0,0,0,0,0,693176465,0,0.0,0.0,0.0,0.0,0.0,2.0000020834045587,445364.0,890804.0,264093007872.0,5505971.0,1.72,161.0,8256.0,771.0,0.21,5,0.009000000000000001,0.2727272727272727,0.4416385658247895,0.0,tftp
4763336416,536352542911,1767874462,2769534919,225927035,752315183,1281500047,443069862,2617075108,701472724,0.6383290024154413,0.15793870457542758,3.73082946558019,112.60018106413754,0,0,0,0,0,443069871,108,0,0,0,0,10689,0,0,0,0,0,0,0,0,701462035,0,0.0,0.0,0.0,0.0,0.0,2.0000020603088062,445696.0,892672.0,264498708480.0,5601744.0,1.69,168.0,4512.0,1481.0,0.11,5,0.009000000000000001,0.2727272727272727,0.44173704167580624,0.0,tftp
4811150048,541636487071,1786613517,2796412667,228123864,759693166,1293359798,447417596,2642723012,709759444,0.6388948019308911,0.15790261339194883,3.7234066194404876,112.57942106714357,0,0,0,0,0,447417595,108,0,0,0,0,10820,0,0,0,0,0,0,0,0,709748624,0,0.0,0.0,0.0,0.0,0.0,2.000002085054496,445194.0,890683.0,263907557376.0,5057619.0,1.75,182.0,10144.0,2187.0,0.08,5,0.01,0.2727272727272727,0.4418330500399503,0.0,tftp
4858959328,546919387629,1805350572,2823284085,230324671,767069647,1305214888,451766335,2668366413,718045908,0.639450553910518,0.15786706478066656,3.716150155959109,112.55895567541577,0,0,0,0,0,451766338,108,0,0,0,0,10944,0,0,0,0,0,0,0,0,718034964,0,0.0,0.0,0.0,0.0,0.0,2.0000020623963386,445440.0,891136.0,264619048960.0,5008994.0,1.77,168.0,6496.0,2894.0,0.06,5,0.009000000000000001,0.2727272727272727,0.4419268702569162,0.0,tftp
4906782541,552203870911,1824092842,2850165497,232524202,774449238,1317071794,456116103,2694019051,726334420,0.6399954121681658,0.15783239455363507,3.709061524304466,112.53889209413815,0,0,0,0,0,456116103,108,0,0,0,0,11072,0,0,0,0,0,0,0,0,726323348,0,0.0,0.0,0.0,0.0,0.0,2.0000021021412784,446464.0,891904.0,263984775168.0,5010610.0,1.77,161.0,2528.0,3627.0,0.04,5,0.009000000000000001,0.2727272727272727,0.4420185502339378,0.0,tftp
4954600017,557488556773,1842825011,2877054084,234720922,781830337,1328935432,460462940,2719672343,734617413,0.640524980482084,0.157798880700242,3.7021615535813606,112.51938700604902,0,0,0,0,0,460462954,108,0,0,0,0,11201,0,0,0,0,0,0,0,0,734606212,0,0.0,0.0,0.0,0.0,0.0,2.0000020695048497,445440.0,890962.0,264309030912.0,4462820.0,1.85,161.0,8768.0,4287.0,0.04,5,0.009000000000000001,0.2727272727272727,0.4421075678245473,0.0,tftp
5002371296,562750840231,1861963055,2903490700,236917541,789097339,1340524571,465013539,2745239746,742903252,0.6412843185617918,0.15774465594566695,3.695285676310379,112.4968153965275,0,0,0,0,0,465013545,108,0,0,0,0,11320,0,0,0,0,0,0,0,0,742891932,0,0.0,0.0,0.0,0.0,0.0,2.0000020656535042,445696.0,892416.0,264377565184.0,4416109.0,1.87,168.0,4608.0,4987.0,0.03,5,0.009000000000000001,0.2727272727272727,0.44220266080244075,0.0,tftp
5049906405,567909021284,1882970678,2927837688,239098039,795838462,1350833842,470506250,2770415528,751185364,0.6431267299131782,0.15759469546049934,3.688058448380525,112.45931622053499,0,0,0,0,0,470506257,108,0,0,0,0,11453,0,0,0,0,0,0,0,0,751173911,0,0.0,0.0,0.0,0.0,0.0,2.0000020758002957,445184.0,890368.0,263688093696.0,4958559.0,1.79,161.0,10432.0,5713.0,0.03,5,0.009000000000000001,0.2727272727272727,0.44233263337669254,0.0,tftp
5097428926,573065611553,1903982229,2952168189,241278508,802575501,1361132633,475998838,2795582553,759470036,0.6449436844737981,0.1574471194500378,3.680964910378637,112.42248197518076,0,0,0,0,0,475998841,108,0,0,0,0,11577,0,0,0,0,0,0,0,0,759458459,0,0.0,0.0,0.0,0.0,0.0,2.0000020907712135,445440.0,891136.0,264511160320.0,4462553.0,1.85,168.0,6400.0,6459.0,0.03,5,0.009000000000000001,0.2727272727272727,0.4424599622036524,0.0,tftp
5144969232,578223728249,1925011336,2976496683,243461213,809311934,1371430698,481498168,2820756222,767758548,0.6467372690164694,0.15730160813525346,3.6740147398528213,112.38623637487284,0,0,0,0,0,481498175,108,0,0,0,0,11702,0,0,0,0,0,0,0,0,767746846,0,0.0,0.0,0.0,0.0,0.0,2.000002056069657,446720.0,892160.0,264026144768.0,4417126.0,1.87,203.0,2528.0,7127.0,0.03,5,0.011000000000000001,0.2727272727272727,0.4425844876246893,0.0,tftp
5192496608,583381094948,1946031073,3000818884,245646651,816045868,1381731997,486994277,2845923159,776042708,0.6485000089062356,0.15715867136874595,3.667224921595423,112.35078980103592,0,0,0,0,0,486994282,108,0,0,0,0,11827,0,0,0,0,0,0,0,0,776030881,0,0.0,0.0,0.0,0.0,0.0,2.0000020685133175,444953.0,890368.0,264561868800.0,4961106.0,1.79,168.0,8512.0,7844.0,0.02,5,0.009000000000000001,0.2727272727272727,0.44270574866063744,0.0,tftp
5240026080,588538344220,1967043676,3025154335,247828069,822783849,1392035966,492489298,2871093712,784325332,0.650229197645217,0.15701903701212114,3.6605903122863817,112.31591889710595,0,0,0,0,0,492489305,108,0,0,0,0,11953,0,0,0,0,0,0,0,0,784313379,0,0.0,0.0,0.0,0.0,0.0,2.000002058866063,444928.0,891648.0,264093515776.0,4462866.0,1.85,168.0,4480.0,8521.0,0.02,5,0.009000000000000001,0.2727272727272727,0.44282419654659444,0.0,tftp
5287585819,593698906631,1988066943,3049507926,250010950,829527259,1402344653,497986656,2896282008,792612820,0.651930406886242,0.1568820417097045,3.6540943256507004,112.2816587671539,0,0,0,0,0,497986655,108,0,0,0,0,12087,0,0,0,0,0,0,0,0,792600733,0,0.0,0.0,0.0,0.0,0.0,2.0000020614172036,445440.0,890880.0,263833042944.0,4415330.0,1.87,175.0,10336.0,9236.0,0.02,5,0.009000000000000001,0.2727272727272727,0.4429401286114088,0.0,tftp
5335110880,598856059496,2009081995,3073833269,252195616,836262431,1412644378,503481108,2921450201,800895444,0.6536079934008938,0.15674696361699608,3.647729829013736,112.24809998625558,0,0,0,0,0,503481119,108,0,0,0,0,12205,0,0,0,0,0,0,0,0,800883239,0,0.0,0.0,0.0,0.0,0.0,2.0000020974299146,445184.0,890368.0,264084652032.0,4414632.0,1.87,175.0,6368.0,742.0,0.24,5,0.009000000000000001,0.2727272727272727,0.4430533728853691,0.0,tftp
5382640608,604013552594,2030095930,3098165155,254379523,842999575,1422945741,508974484,2946620580,809180372,0.6552574922365622,0.15661450139306793,3.6414879573969694,112.21509972192445,0,0,0,0,0,508974481,108,0,0,0,0,12334,0,0,0,0,0,0,0,0,809168038,0,0.0,0.0,0.0,0.0,0.0,2.000002075922537,446976.0,892416.0,264146599936.0,4414768.0,1.87,161.0,2464.0,1451.0,0.11,5,0.009000000000000001,0.2727272727272727,0.4431641795379954,0.0,tftp
5430188000,609172889942,2051115545,3122509239,256563216,849740325,1433250633,514469510,2971801565,817467604,0.6568805367752508,0.15648451305921637,3.635375335314205,112.18265186067222,0,0,0,0,0,514469503,108,0,0,0,0,12463,0,0,0,0,0,0,0,0,817455141,0,0.0,0.0,0.0,0.0,0.0,2.000002059454813,445732.0,891648.0,264600043520.0,4416680.0,1.87,168.0,8320.0,2150.0,0.08,5,0.009000000000000001,0.2727272727272727,0.44327260044275113,0.0,tftp
5477736672,614332433051,2072133142,3146856920,258746610,856481989,1443557551,519965157,2996984355,825752532,0.6584770755957979,0.15635691167448657,3.6293977176687604,112.15077865849628,0,0,0,0,0,519965162,108,0,0,0,0,12585,0,0,0,0,0,0,0,0,825739947,0,0.0,0.0,0.0,0.0,0.0,2.0000020572549513,445440.0,891904.0,264110555136.0,4416368.0,1.87,196.0,4480.0,2850.0,0.07,5,0.011000000000000001,0.2727272727272727,0.4433785191182097,0.0,tftp
5525283089,619491774158,2093159861,3171192271,260930957,863219789,1453862652,525463624,3022162752,834038996,0.6600545416755653,0.15623087090660379,3.623526917199445,112.11946323461943,0,0,0,0,0,525463628,108,0,0,0,0,12713,0,0,0,0,0,0,0,0,834026283,0,0.0,0.0,0.0,0.0,0.0,2.000002092169239,445440.0,891136.0,263984349184.0,4960406.0,1.79,189.0,10496.0,3560.0,0.05,5,0.01,0.2727272727272727,0.4434821494601894,0.0,tftp
5572838137,624651848342,2114185817,3195538076,263114244,869961004,1464168403,530962495,3047347944,842325460,0.6616055783777179,0.15610735187588312,3.617779692899227,112.08864011224735,0,0,0,0,0,530962508,108,0,0,0,0,12842,0,0,0,0,0,0,0,0,842312618,0,0.0,0.0,0.0,0.0,0.0,2.0000020322770657,445661.0,891136.0,264388902912.0,4464096.0,1.85,217.0,6464.0,4249.0,0.05,5,0.012,0.2727272727272727,0.4435836335297687,0.0,tftp
5620358112,629807825713,2135197142,3219864355,265296615,876696674,1474466730,536454129,3072510482,850612948,0.6631326374616796,0.15598590988858327,3.612113463854773,112.05830894801886,0,0,0,0,0,536454126,108,0,0,0,0,12962,0,0,0,0,0,0,0,0,850599986,0,0.0,0.0,0.0,0.0,0.0,2.000002062288951,446976.0,892416.0,264150155264.0,4961242.0,1.79,175.0,2432.0,4976.0,0.04,5,0.009000000000000001,0.2727272727272727,0.44368310505618647,0.0,tftp
5667864544,634962377911,2156204736,3244180752,267479056,883429390,1484762512,541944600,3097664355,858899156,0.664637669979,0.1558663555104185,3.606551867423188,112.02850261888686,0,0,0,0,0,541944602,108,0,0,0,0,13094,0,0,0,0,0,0,0,0,858886062,0,0.0,0.0,0.0,0.0,0.0,2.000002055627634,445317.0,891013.0,264452079616.0,4464498.0,1.85,168.0,8384.0,5710.0,0.03,5,0.009000000000000001,0.2727272727272727,0.4437804401511177,0.0,tftp
5715427040,640123508273,2177236693,3268526869,269663478,890170235,1495071805,547444594,3122852021,867187668,0.6661217056680099,0.15574868312902126,3.6011259572016883,111.99924411474947,0,0,0,0,0,547444596,108,0,0,0,0,13219,0,0,0,0,0,0,0,0,867174449,0,0.0,0.0,0.0,0.0,0.0,2.0000020827498584,445440.0,892416.0,264490958848.0,4416991.0,1.87,154.0,4608.0,6402.0,0.02,5,0.008,0.2727272727272727,0.44387555867878414,0.0,tftp
5762975302,645283347476,2198257307,3292869849,271848146,896910077,1505380559,552941550,3148033915,875471316,0.6675809879541947,0.15563316342666497,3.5958161706351097,111.97052106956956,0,0,0,0,0,552941552,108,0,0,0,0,13340,0,0,0,0,0,0,0,0,875457976,0,0.0,0.0,0.0,0.0,0.0,2.000002049259932,445440.0,890880.0,263860731904.0,4960229.0,1.79,161.0,10432.0,7089.0,0.02,5,0.009000000000000001,0.2727272727272727,0.4439685362460217,0.0,tftp
5810505235,650440659389,2219273754,3317199958,274031523,903647057,1515678604,558437652,3173206010,883753684,0.6690201923606801,0.1555195323733324,3.590600036468985,111.9421862785741,0,0,0,0,0,558437655,108,0,0,0,0,13473,0,0,0,0,0,0,0,0,883740211,0,0.0,0.0,0.0,0.0,0.0,2.0000020605411195,445184.0,890112.0,264725905408.0,4462038.0,1.85,168.0,6464.0,7797.0,0.02,5,0.009000000000000001,0.2727272727272727,0.44405986444317325,0.0,tftp
5858017760,655595656890,2240286136,3341518943,276212681,910380788,1525973439,563931994,3198364674,892037844,0.6704394540970885,0.15540765243429375,3.58545850438157,111.9142487697067,0,0,0,0,0,563931998,108,0,0,0,0,13597,0,0,0,0,0,0,0,0,892024247,0,0.0,0.0,0.0,0.0,0.0,2.0000020474969737,446720.0,892160.0,264119943168.0,4414614.0,1.87,154.0,2496.0,8509.0,0.02,5,0.008,0.2727272727272727,0.4441494090516415,0.0,tftp
5905550048,660753390586,2261303270,3365853367,278393411,917118730,1536275171,569426089,3223536402,900324308,0.6718365369598704,0.1552977660921857,3.580416937937435,111.88684969485166,0,0,0,0,0,569426094,108,0,0,0,0,13731,0,0,0,0,0,0,0,0,900310577,0,0.0,0.0,0.0,0.0,0.0,2.000002058623253,445424.0,890864.0,264533819392.0,4415844.0,1.87,168.0,8224.0,9206.0,0.02,5,0.009000000000000001,0.2727272727272727,0.4442370917766318,0.0,tftp
5953075452,665910322332,2282318071,3390180856,280576531,923854671,1546574731,574918978,3248702866,908611062,0.6732142525554985,0.15518947785041445,3.57546039429575,111.85988279525002,0,0,0,0,0,574918963,108,0,0,0,0,13846,0,0,0,0,0,0,0,0,908597216,0,0.0,0.0,0.0,0.0,0.0,2.0000020674268737,445440.0,891904.0,264348139520.0,4417297.0,1.87,168.0,4416.0,713.0,0.24,5,0.009000000000000001,0.2727272727272727,0.4443230447614137,0.0,tftp
6000596365,671066598032,2303328543,3414511380,282756442,930591568,1556874420,580411550,3273868265,916895700,0.6745704689963575,0.15508318030319643,3.5706005219568593,111.83331742594221,0,0,0,0,0,580411553,108,0,0,0,0,13977,0,0,0,0,0,0,0,0,916881723,0,0.0,0.0,0.0,0.0,0.0,2.000002063205865,445037.0,890221.0,263762182144.0,4415461.0,1.87,168.0,10496.0,1430.0,0.12,5,0.009000000000000001,0.2727272727272727,0.4444072464463924,0.0,tftp
6048724192,676366687871,2323288978,3440459393,284975821,937662560,1568712329,585365515,3299376101,925181396,0.6752845223887809,0.15501823694327904,3.5661937380764193,111.81972700384617,0,0,0,0,0,585365518,108,0,0,0,0,14107,0,0,0,0,0,0,0,0,925167289,0,0.0,0.0,0.0,0.0,0.0,2.0000020476470404,445261.0,890445.0,264310538240.0,4416493.0,1.87,182.0,6304.0,2136.0,0.09,5,0.01,0.2727272727272727,0.4444463373406718,0.0,tftp
6098837157,682144290912,2339703445,3471831893,287301819,945854225,1585706323,588501810,3326010944,933466836,0.6739103496679584,0.15508763402780587,3.5630734973427596,111.84825456916197,0,0,0,0,0,588501813,108,0,0,0,0,14228,0,0,0,0,0,0,0,0,933452608,0,0.0,0.0,0.0,0.0,0.0,2.0000020616305965,446720.0,891648.0,264021147648.0,4415808.0,1.87,161.0,2464.0,2866.0,0.06,5,0.009000000000000001,0.2727272727272727,0.44434008896412047,0.0,tftp
6148987014,687926919247,2356125250,3503231660,289630104,954052740,1602717215,591640567,3352669889,941751252,0.6725576492420715,0.15515608307967066,3.5600376233956945,111.87646317689881,0,0,0,0,0,591640573,108,0,0,0,0,14355,0,0,0,0,0,0,0,0,941736897,0,0.0,0.0,0.0,0.0,0.0,2.0000020543958748,445210.0,890394.0,264227028992.0,4946321.0,1.79,161.0,8544.0,3550.0,0.05,5,0.009000000000000001,0.2727272727272727,0.4442350689707256,0.0,tftp
6199092842,693703422740,2372539731,3534598298,291954813,962242897,1619707865,594777293,3379299390,950037204,0.6712332013350616,0.1552231788626598,3.5570179523201073,111.90402215627924,0,0,0,0,0,594777292,108,0,0,0,0,14484,0,0,0,0,0,0,0,0,950022720,0,0.0,0.0,0.0,0.0,0.0,2.0000020514591803,445440.0,892160.0,264596881408.0,4462450.0,1.85,182.0,4480.0,4250.0,0.04,5,0.01,0.2727272727272727,0.4441321553804483,0.0,tftp
6249210080,699481542457,2388956891,3565971468,294281721,970434994,1636700450,597914305,3405937661,958322644,0.669931577534428,0.15528922561041505,3.554061549442006,111.93119346325447,0,0,0,0,0,597914308,108,0,0,0,0,14607,0,0,0,0,0,0,0,0,958308037,0,0.0,0.0,0.0,0.0,0.0,2.000002056811703,445440.0,890368.0,263703871488.0,4415966.0,1.87,154.0,10432.0,4937.0,0.03,5,0.008,0.2727272727272727,0.44403078522004313,0.0,tftp
6299336160,705260567790,2405372294,3597355375,296608491,978629863,1653699012,601051690,3432581213,966607572,0.6686501730455251,0.1553544434117007,3.5511631735903677,111.95791903729742,0,0,0,0,0,601051701,108,0,0,0,0,14738,0,0,0,0,0,0,0,0,966592834,0,0.0,0.0,0.0,0.0,0.0,2.000002070243484,445440.0,890624.0,264368898048.0,4960608.0,1.79,168.0,6496.0,5631.0,0.03,5,0.009000000000000001,0.2727272727272727,0.4439308137713611,0.0,tftp
6349479526,711041646923,2421793067,3628747970,298938489,986827048,1670701833,604190598,3459234787,974893780,0.6673908155159092,0.155418573122272,3.548319681555461,111.98424122975902,0,0,0,0,0,604190608,108,0,0,0,0,14863,0,0,0,0,0,0,0,0,974878917,0,0.0,0.0,0.0,0.0,0.0,2.000002083447293,446720.0,891904.0,263950909440.0,4994532.0,1.77,140.0,2336.0,6323.0,0.02,5,0.008,0.2727272727272727,0.4438323076917539,0.0,tftp
6391690464,716335270204,2430328555,3660098460,301263449,995013134,1687682699,607328433,3485854280,975299540,0.6640063324963121,0.15567292246147169,3.5741371107383073,112.0728974969336,0,0,0,0,0,607328440,108,0,0,0,0,14869,0,0,0,0,0,0,0,0,975284671,0,0.0,0.0,0.0,0.0,0.0,2.0000020703265737,0.0,0.0,4691590.0,3164320.0,0.86,0.0,0.0,6353.0,0.0,0,0.0,0.2727272727272727,0.4435066419748993,0.0,tftp
6433510163,721606521995,2438461575,3691461204,303587384,1003202631,1704668797,610465865,3512485421,975299540,0.6605681165923476,0.15593394672313662,3.6014427126665107,112.16373390455776,0,0,0,0,0,610465877,108,0,0,0,0,14869,0,0,0,0,0,0,0,0,975284671,0,0.0,0.0,0.0,0.0,0.0,2.0000020554193694,0.0,0.0,0.0,164171.0,0.0,0.0,0.0,6353.0,0.0,0,0.0,0.2727272727272727,0.4431664514094654,0.0,tftp
6475267403,726869390477,2446578603,3722777120,305911680,1011379362,1721633363,613598939,3539073282,975299540,0.6571918017482604,0.15619113452078082,3.628703938484376,112.25318511792122,0,0,0,0,0,613598943,108,0,0,0,0,14869,0,0,0,0,0,0,0,0,975284671,0,0.0,0.0,0.0,0.0,0.0,2.000002072419362,0.0,0.0,0.0,0.0,1.0,0.0,0.0,6353.0,0.0,0,0.0,0.2727272727272727,0.4428240516398866,0.0,tftp
6516989784,732128358048,2454690493,3754067010,308232281,1019549373,1738583324,616728548,3565640812,975299540,0.6538749805108034,0.15644483216823776,3.655944318398838,112.34149236284885,0,0,0,0,0,616728547,108,0,0,0,0,14869,0,0,0,0,0,0,0,0,975284671,0,0.0,0.0,0.0,0.0,0.0,2.0000020930837583,0.0,0.0,0.0,0.0,1.0,0.0,0.0,6353.0,0.0,0,0.0,0.2727272727272727,0.4424795523072822,0.0,tftp
6558848073,737404224811,2462825623,3785462359,310560091,1027746884,1755590627,619867799,3592294289,975299540,0.6506010070723833,0.15669624796323592,3.6832728220091235,112.42892297606052,0,0,0,0,0,619867803,108,0,0,0,0,14869,0,0,0,0,0,0,0,0,975284671,0,0.0,0.0,0.0,0.0,0.0,2.000002090010953,0.0,0.0,0.0,0.0,1.0,0.0,0.0,0.0,1.0,0,0.0,0.2727272727272727,0.4421316311279699,0.0,tftp
6600669582,742675625558,2470957217,3816825923,312886443,1035936161,1772580260,623005221,3618924734,975299540,0.6473853581087198,0.15694410212942544,3.710577710310414,112.51519506191819,0,0,0,0,0,623005229,108,0,0,0,0,14869,0,0,0,0,0,0,0,0,975284671,0,0.0,0.0,0.0,0.0,0.0,2.000002087003367,0.0,0.0,0.0,0.0,1.0,0.0,0.0,0.0,1.0,0,0.0,0.2727272727272727,0.4417819802619157,0.0,tftp
6642367200,747931102933,2479060500,3848101513,315205187,1044102964,1789518497,626132288,3645477258,975299540,0.6442294964477981,0.1571883836834555,3.737802704182553,112.60008373716526,0,0,0,0,0,626132289,108,0,0,0,0,14869,0,0,0,0,0,0,0,0,975284671,0,0.0,0.0,0.0,0.0,0.0,2.0000020955809608,0.0,0.0,0.0,0.0,1.0,0.0,0.0,0.0,1.0,0,0.0,0.2727272727272727,0.44143150539503134,0.0,tftp
6684101856,753191649929,2487172370,3879402965,317526521,1052276270,1806472641,629261472,3672053790,975299540,0.6411224594194741,0.15742971795910346,3.765052314081887,112.68404733433195,0,0,0,0,0,629261471,108,0,0,0,0,14869,0,0,0,0,0,0,0,0,975284671,0,0.0,0.0,0.0,0.0,0.0,2.0000020983104716,0.0,0.0,0.0,0.0,1.0,0.0,0.0,0.0,1.0,0,0.0,0.2727272727272727,0.441078870135711,0.0,tftp
6725942496,758465400920,2495304179,3910782864,319855453,1060469698,1823472138,632399007,3698695946,975299540,0.6380574595358051,0.15766856446225555,3.79236920997625,112.76715514161303,0,0,0,0,0,632399017,108,0,0,0,0,14869,0,0,0,0,0,0,0,0,975284671,0,0.0,0.0,0.0,0.0,0.0,2.000002108501885,0.0,0.0,0.0,0.0,1.0,0.0,0.0,0.0,1.0,0,0.0,0.2727272727272727,0.44072357337920626,0.0,tftp
6767630874,763720205131,2503415857,3942041828,322173189,1068631745,1840404361,635528086,3725242478,975299540,0.6350556301098691,0.15790337341025612,3.8195880600948504,112.84897467813639,0,0,0,0,0,635528093,108,0,0,0,0,14869,0,0,0,0,0,0,0,0,975284671,0,0.0,0.0,0.0,0.0,0.0,2.0000021054983432,0.0,0.0,0.0,0.0,1.0,0.0,0.0,0.0,1.0,0,0.0,0.2727272727272727,0.44036817200042316,0.0,tftp
6809376975,768982097880,2511527036,3973354366,324495573,1076807676,1857366519,638657753,3751824933,975299540,0.6320923845834494,0.15813600568060782,3.8468437430002274,112.92987606696573,0,0,0,0,0,638657754,108,0,0,0,0,14869,0,0,0,0,0,0,0,0,975284671,0,0.0,0.0,0.0,0.0,0.0,2.0000021025132253,0.0,0.0,0.0,0.0,1.0,0.0,0.0,0.0,1.0,0,0.0,0.2727272727272727,0.4400107133888346,0.0,tftp
6851202275,774253707146,2519656258,4004722435,326823582,1084998223,1874357955,641794785,3778457382,975299540,0.6291712594058969,0.15836610560443568,3.874150686054871,113.00990338166596,0,0,0,0,0,641794787,108,0,0,0,0,14869,0,0,0,0,0,0,0,0,975284671,0,0.0,0.0,0.0,0.0,0.0,2.0000021069181124,0.0,0.0,0.0,0.0,1.0,0.0,0.0,0.0,1.0,0,0.0,0.2727272727272727,0.43965134854230903,0.0,tftp
6892949216,779515776889,2527769913,4036035921,329143382,1093174596,1891319198,644925020,3805041538,975299540,0.6263001525451488,0.1585931597265376,3.9014081130398153,113.0888611625889,0,0,0,0,0,644925025,108,0,0,0,0,14869,0,0,0,0,0,0,0,0,975284671,0,0.0,0.0,0.0,0.0,0.0,2.000002122261595,0.0,0.0,0.0,0.0,1.0,0.0,0.0,0.0,1.0,0,0.0,0.2727272727272727,0.4392914450880947,0.0,tftp
6934280928,784624350788,2538389271,4064451104,331440553,1100622848,1906495504,649317764,3831037286,975299540,0.624534335891472,0.15872198709974156,3.9280622299893633,113.15150899349315,0,0,0,0,0,649317767,108,0,0,0,0,14869,0,0,0,0,0,0,0,0,975284671,0,0.0,0.0,0.0,0.0,0.0,2.0000021042652723,0.0,0.0,0.0,0.0,1.0,0.0,0.0,0.0,1.0,0,0.0,0.2727272727272727,0.43897173502347986,0.0,tftp
6974558944,789307088337,2556294466,4084580910,333683568,1105991078,1916558456,657377180,3855425109,975299540,0.6258400855132038,0.1585750564129149,3.9530676995910405,113.16946271075919,0,0,0,0,0,657377182,108,0,0,0,0,14869,0,0,0,0,0,0,0,0,975284671,0,0.0,0.0,0.0,0.0,0.0,2.000002101284981,0.0,0.0,0.0,0.0,1.0,0.0,0.0,0.0,1.0,0,0.0,0.2727272727272727,0.43876972346194804,0.0,tftp
7014724832,793977199862,2574148258,4104659458,335917116,1111345290,1926598431,665412573,3879745779,975299540,0.6271283365500574,0.1584303471078764,3.9780043154741977,113.1872195813026,0,0,0,0,0,665412576,108,0,0,0,0,14869,0,0,0,0,0,0,0,0,975284671,0,0.0,0.0,0.0,0.0,0.0,2.0000021235546925,0.0,0.0,0.0,0.0,1.0,0.0,0.0,0.0,1.0,0,0.0,0.2727272727272727,0.4385676770615392,0.0,tftp
7054930656,798652368136,2592015221,4124761935,338153500,1116705865,1936650437,673452775,3904092111,975299540,0.6284035931882211,0.15828729146335072,4.002967243273795,113.20485020738948,0,0,0,0,0,673452783,108,0,0,0,0,14869,0,0,0,0,0,0,0,0,975284671,0,0.0,0.0,0.0,0.0,0.0,2.0000021223158124,0.0,0.0,0.0,0.0,1.0,0.0,0.0,0.0,1.0,0,0.0,0.2727272727272727,0.43836495693055094,0.0,tftp
7095225104,803337086081,2609920360,4144908472,340396272,1122078398,1946723090,681512440,3928490210,975299540,0.6296689969466713,0.15814556713181907,4.0279832491256995,113.22221272840395,0,0,0,0,0,681512443,108,0,0,0,0,14869,0,0,0,0,0,0,0,0,975284671,0,0.0,0.0,0.0,0.0,0.0,2.0000021281958063,0.0,0.0,0.0,0.0,1.0,0.0,0.0,0.0,1.0,0,0.0,0.2727272727272727,0.4381614336179534,0.0,tftp
7135394528,808007925090,2627767459,4164997611,342629458,1127435385,1956768722,689544698,3952814055,975299540,0.6309169186699924,0.15800603324396864,4.052923120418984,113.23941821567067,0,0,0,0,0,689544702,108,0,0,0,0,14869,0,0,0,0,0,0,0,0,975284671,0,0.0,0.0,0.0,0.0,0.0,2.000002112761891,0.0,0.0,0.0,0.0,1.0,0.0,0.0,0.0,1.0,0,0.0,0.2727272727272727,0.437958042834188,0.0,tftp
7175571929,812679624381,2645618179,4185091152,344862598,1132793619,1966815968,697578769,3977142830,975299540,0.6321530602112917,0.1578680598854882,4.07786804656957,113.25642505185735,0,0,0,0,0,697578765,108,0,0,0,0,14869,0,0,0,0,0,0,0,0,975284671,0,0.0,0.0,0.0,0.0,0.0,2.0000021239548977,0.0,0.0,0.0,0.0,1.0,0.0,0.0,0.0,1.0,0,0.0,0.2727272727272727,0.4377542639690796,0.0,tftp
7215866592,817365109795,2663520823,4205244551,347101218,1138167813,1976893229,705635536,4001543408,975299540,0.6333807203594424,0.15773127156506056,4.102886594204689,113.2733122728719,0,0,0,0,0,705635546,108,0,0,0,0,14869,0,0,0,0,0,0,0,0,975284671,0,0.0,0.0,0.0,0.0,0.0,2.000002110411582,0.0,0.0,0.0,0.0,1.0,0.0,0.0,0.0,1.0,0,0.0,0.2727272727272727,0.4375495297945447,0.0,tftp
7256022752,822033874249,2681368487,4225319794,349334471,1143521372,1986929696,713668825,4025858302,975299540,0.6345953957869822,0.15759616680981434,4.127817287804729,113.28986999419486,0,0,0,0,0,713668822,108,0,0,0,0,14869,0,0,0,0,0,0,0,0,975284671,0,0.0,0.0,0.0,0.0,0.0,2.0000021372601084,0.0,0.0,0.0,0.0,1.0,0.0,0.0,0.0,1.0,0,0.0,0.2727272727272727,0.43734532690750594,0.0,tftp
7296210656,826706637716,2699223284,4245416103,351571269,1148880180,1996979746,721705087,4050192161,975299540,0.6357971088140474,0.1574625835474233,4.152767426712823,113.30630058442216,0,0,0,0,0,721705090,108,0,0,0,0,14869,0,0,0,0,0,0,0,0,975284671,0,0.0,0.0,0.0,0.0,0.0,2.0000020924745305,0.0,0.0,0.0,0.0,1.0,0.0,0.0,0.0,1.0,0,0.0,0.2727272727272727,0.43714049715310416,0.0,tftp
7336509678,831392471746,2717131308,4265567095,353811275,1154253774,2007055461,729764732,4074594469,975299540,0.6369918108157199,0.15733009628015104,4.177787748161965,113.32261637152848,0,0,0,0,0,729764736,108,0,0,0,0,14869,0,0,0,0,0,0,0,0,975284671,0,0.0,0.0,0.0,0.0,0.0,2.0000021208530145,0.0,0.0,0.0,0.0,1.0,0.0,0.0,0.0,1.0,0,0.0,0.2727272727272727,0.4369348839260981,0.0,tftp
7376675040,836062806791,2734980534,4285648438,356046068,1159608990,2017094954,737797127,4098916670,975299540,0.6381719297713426,0.15719941351788216,4.2027259338192655,113.3387064303974,0,0,0,0,0,737797126,108,0,0,0,0,14869,0,0,0,0,0,0,0,0,975284671,0,0.0,0.0,0.0,0.0,0.0,2.000002131755321,0.0,0.0,0.0,0.0,1.0,0.0,0.0,0.0,1.0,0,0.0,0.2727272727272727,0.436729765251737,0.0,tftp
7416845740,840733559326,2752831340,4305731717,358282683,1164964678,2027135550,745830734,4123241365,975299540,0.6393411203794238,0.157070096755174,4.2276666766396716,113.35459692680625,0,0,0,0,0,745830732,108,0,0,0,0,14869,0,0,0,0,0,0,0,0,975284671,0,0.0,0.0,0.0,0.0,0.0,2.000002101353473,0.0,0.0,0.0,0.0,1.0,0.0,0.0,0.0,1.0,0,0.0,0.2727272727272727,0.43652437361734037,0.0,tftp
7457095828,845413391258,2770719381,4325852740,360523707,1170330421,2037195347,753881536,4147613381,975299540,0.640502473738854,0.15694185082155282,4.25265593891288,113.37032683469494,0,0,0,0,0,753881535,108,0,0,0,0,14869,0,0,0,0,0,0,0,0,975284671,0,0.0,0.0,0.0,0.0,0.0,2.000002124188687,0.0,0.0,0.0,0.0,1.0,0.0,0.0,0.0,1.0,0,0.0,0.2727272727272727,0.43631835428779014,0.0,tftp
7497217248,850078398829,2788548298,4345915166,362753784,1175680321,2047227464,761906448,4171907070,975299540,0.6416481204732287,0.1568155599750869,4.277564890474571,113.38585647304961,0,0,0,0,0,761906448,108,0,0,0,0,14869,0,0,0,0,0,0,0,0,975284671,0,0.0,0.0,0.0,0.0,0.0,2.000002111120324,0.0,0.0,0.0,0.0,1.0,0.0,0.0,0.0,1.0,0,0.0,0.2727272727272727,0.43611266486850464,0.0,tftp
7537405664,854751263050,2806407050,4366011024,364987590,1181039220,2057275415,769944195,4196242236,975299540,0.6427851497793194,0.15669041479893472,4.302516369483779,113.4012551735732,0,0,0,0,0,769944200,108,0,0,0,0,14869,0,0,0,0,0,0,0,0,975284671,0,0.0,0.0,0.0,0.0,0.0,2.0000021472637655,0.0,0.0,0.0,0.0,1.0,0.0,0.0,0.0,1.0,0,0.0,0.2727272727272727,0.43590646753454665,0.0,tftp
7577681120,859434334117,2824304545,4386150927,367225648,1186409976,2067344693,777998748,4220631026,975299540,0.6439141269887269,0.15656636340485122,4.327522830575722,113.41653475608379,0,0,0,0,0,777998746,108,0,0,0,0,14869,0,0,0,0,0,0,0,0,975284671,0,0.0,0.0,0.0,0.0,0.0,2.0000021173141747,0.0,0.0,0.0,0.0,1.0,0.0,0.0,0.0,1.0,0,0.0,0.2727272727272727,0.4356996631680423,0.0,tftp
7617850592,864104745213,2842157747,4406233266,369459579,1191765536,2077384075,786034002,4244954765,975299540,0.6450311582301054,0.15644380545498626,4.352462593184449,113.43156902032872,0,0,0,0,0,786034005,108,0,0,0,0,14869,0,0,0,0,0,0,0,0,975284671,0,0.0,0.0,0.0,0.0,0.0,2.000002111155743,0.0,0.0,0.0,0.0,1.0,0.0,0.0,0.0,1.0,0,0.0,0.2727272727272727,0.4354933258317803,0.0,tftp
7657817312,868804285900,2857240490,4428893921,371682901,1197942254,2087710413,792689374,4269935571,975299540,0.6451363570601988,0.1564339034469774,4.378076063688085,113.45325312717515,0,0,0,0,0,792689377,108,0,0,0,0,14869,0,0,0,0,0,0,0,0,975284671,0,0.0,0.0,0.0,0.0,0.0,2.0000021036094537,0.0,0.0,0.0,0.0,1.0,0.0,0.0,0.0,1.0,0,0.0,0.2727272727272727,0.43529566999063746,0.0,tftp
7697345718,873594579790,2864924398,4458540297,373881023,1206342224,2098827005,795655466,4296752226,975299540,0.642570035741902,0.15672184519125948,4.405571877948389,113.49296391184907,0,0,0,0,0,795655471,108,0,0,0,0,14869,0,0,0,0,0,0,0,0,975284671,0,0.0,0.0,0.0,0.0,0.0,2.0000021254356133,0.0,0.0,0.0,0.0,1.0,0.0,0.0,0.0,1.0,0,0.0,0.2727272727272727,0.4351206754388142,0.0,tftp
7736803552,878376720345,2872591571,4488137698,376074283,1214728274,2109925294,798613243,4323523333,975299540,0.6400408731398953,0.1570064776539385,4.433020990658932,113.53225068225179,0,0,0,0,0,798613251,108,0,0,0,0,14869,0,0,0,0,0,0,0,0,975284671,0,0.0,0.0,0.0,0.0,0.0,2.000002120641123,0.0,0.0,0.0,0.0,1.0,0.0,0.0,0.0,1.0,0,0.0,0.2727272727272727,0.434944805461115,0.0,tftp
7776357430,883170374308,2880274403,4517807849,378275178,1223134881,2121051462,801577671,4350358591,975299540,0.637538049263768,0.15728892248205212,4.460535879059268,113.5712166342642,0,0,0,0,0,801577671,108,0,0,0,0,14869,0,0,0,0,0,0,0,0,975284671,0,0.0,0.0,0.0,0.0,0.0,2.000002127322839,0.0,0.0,0.0,0.0,1.0,0.0,0.0,0.0,1.0,0,0.0,0.2727272727272727,0.434767363740591,0.0,tftp
7815942368,887968161853,2887968081,4547497998,380476289,1231546926,2132186813,804545441,4377215049,975299540,0.6350674771643957,0.157568578171993,4.488072504371324,113.60986558556466,0,0,0,0,0,804545452,108,0,0,0,0,14869,0,0,0,0,0,0,0,0,975284671,0,0.0,0.0,0.0,0.0,0.0,2.000002107920276,0.0,0.0,0.0,0.0,1.0,0.0,0.0,0.0,1.0,0,0.0,0.2727272727272727,0.434588667156032,0.0,tftp
7855531232,892766303132,2895663568,4577189901,382677763,1239959712,2143320909,807513868,4404074733,975299540,0.632629108826656,0.15784543086646338,4.515612437385134,113.64811325493308,0,0,0,0,0,807513883,108,0,0,0,0,14869,0,0,0,0,0,0,0,0,975284671,0,0.0,0.0,0.0,0.0,0.0,2.000002106522273,0.0,0.0,0.0,0.0,1.0,0.0,0.0,0.0,1.0,0,0.0,0.2727272727272727,0.4344089923836784,0.0,tftp
7895050976,897555981911,2903339237,4606834067,384877672,1248358605,2154439919,810475413,4430885954,975299540,0.6302244002659886,0.1581191316933683,4.5431026800238214,113.68590078005343,0,0,0,0,0,810475416,108,0,0,0,0,14869,0,0,0,0,0,0,0,0,975284671,0,0.0,0.0,0.0,0.0,0.0,2.0000020971560053,0.0,0.0,0.0,0.0,1.0,0.0,0.0,0.0,1.0,0,0.0,0.2727272727272727,0.4342285204520936,0.0,tftp
7934611168,902350465602,2911030532,4636501068,387079568,1256764134,2165566225,813443131,4457724223,975299540,0.6278507196064772,0.15839013499092233,4.570620655680818,113.7233377284002,0,0,0,0,0,813443134,108,0,0,0,0,14869,0,0,0,0,0,0,0,0,975284671,0,0.0,0.0,0.0,0.0,0.0,2.000002107000604,0.0,0.0,0.0,0.0,1.0,0.0,0.0,0.0,1.0,0,0.0,0.2727272727272727,0.4340470046606937,0.0,tftp
7974174432,907145515574,2918722030,4666174847,389277555,1265171826,2176693240,816409992,4484567000,975299540,0.6255063570702926,0.15865865949996313,4.598143253507533,113.76043041316807,0,0,0,0,0,816410001,108,0,0,0,0,14869,0,0,0,0,0,0,0,0,975284671,0,0.0,0.0,0.0,0.0,0.0,2.000002105645059,0.0,0.0,0.0,0.0,1.0,0.0,0.0,0.0,1.0,0,0.0,0.2727272727272727,0.43386460018890155,0.0,tftp
