total_packets,total_bytes,udp_packets,tcp_packets,icmp_packets,syn_packets,http_requests,dns_queries,baseline_packets,attack_packets,udp_tcp_ratio,syn_total_ratio,baseline_attack_ratio,bytes_per_packet,ntp_monlist_queries,ntp_responses,avg_ntp_response_size,dns_any_queries,dns_txt_queries,dns_responses,avg_dns_response_size,snmp_getbulk_requests,snmp_responses,avg_snmp_response_size,ssdp_msearch_packets,ssdp_responses,portmap_getport_calls,portmap_dump_calls,netbios_name_queries,netbios_dgram_packets,ldap_bind_requests,ldap_search_requests,mssql_sqlbatch_packets,mssql_rpc_packets,tftp_rrq_packets,tftp_wrq_packets,ntp_amplification_factor,dns_amplification_factor,snmp_amplification_factor,query_response_ratio,fragmentation_ratio,syn_ack_ratio,label
0,0,0,0,0,0,0,0,0,0,0.0,0.0,999.0,0.0,0,0,0,0,0,0,0,0,0,0,0,0,0,0,0,0,0,0,0,0,0,0,0.0,0.0,0.0,0.0,0.0,0.0,mssql
0,0,0,0,0,0,0,0,0,0,0.0,0.0,999.0,0.0,0,0,0,0,0,0,0,0,0,0,0,0,0,0,0,0,0,0,0,0,0,0,0.0,0.0,0.0,0.0,0.0,0.0,mssql
0,0,0,0,0,0,0,0,0,0,0.0,0.0,999.0,0.0,0,0,0,0,0,0,0,0,0,0,0,0,0,0,0,0,0,0,0,0,0,0,0.0,0.0,0.0,0.0,0.0,0.0,mssql
1617465,97047900,1617465,0,0,0,0,0,0,1617465,0.0,0.0,0.0,60.0,0,0,0,0,0,0,0,0,0,0,0,29,0,0,0,0,0,0,1617436,0,0,0,0.0,0.0,0.0,0.0,0.0,0.0,mssql
3616011,216960660,3616011,0,0,0,0,0,0,3616011,0.0,0.0,0.0,60.0,0,0,0,0,0,0,0,0,0,0,0,77,0,0,0,0,0,0,3615934,0,0,0,0.0,0.0,0.0,0.0,0.0,0.0,mssql
5616214,336972840,5616214,0,0,0,0,0,0,5616214,0.0,0.0,0.0,60.0,0,0,0,0,0,0,0,0,0,0,0,98,0,0,0,0,0,0,5616116,0,0,0,0.0,0.0,0.0,0.0,0.0,0.0,mssql
7615393,456923580,7615393,0,0,0,0,0,0,7615393,0.0,0.0,0.0,60.0,0,0,0,0,0,0,0,0,0,0,0,136,0,0,0,0,0,0,7615257,0,0,0,0.0,0.0,0.0,0.0,0.0,0.0,mssql
9613257,576795420,9613257,0,0,0,0,0,0,9613257,0.0,0.0,0.0,60.0,0,0,0,0,0,0,0,0,0,0,0,177,0,0,0,0,0,0,9613080,0,0,0,0.0,0.0,0.0,0.0,0.0,0.0,mssql
11614723,696883380,11614723,0,0,0,0,0,0,11614723,0.0,0.0,0.0,60.0,0,0,0,0,0,0,0,0,0,0,0,208,0,0,0,0,0,0,11614515,0,0,0,0.0,0.0,0.0,0.0,0.0,0.0,mssql
13612737,816764220,13612737,0,0,0,0,0,0,13612737,0.0,0.0,0.0,60.0,0,0,0,0,0,0,0,0,0,0,0,246,0,0,0,0,0,0,13612491,0,0,0,0.0,0.0,0.0,0.0,0.0,0.0,mssql
15606051,936363060,15606051,0,0,0,0,0,0,15606051,0.0,0.0,0.0,60.0,0,0,0,0,0,0,0,0,0,0,0,278,0,0,0,0,0,0,15605773,0,0,0,0.0,0.0,0.0,0.0,0.0,0.0,mssql
17604646,1056278760,17604646,0,0,0,0,0,0,17604646,0.0,0.0,0.0,60.0,0,0,0,0,0,0,0,0,0,0,0,325,0,0,0,0,0,0,17604321,0,0,0,0.0,0.0,0.0,0.0,0.0,0.0,mssql
19604623,1176277380,19604623,0,0,0,0,0,0,19604623,0.0,0.0,0.0,60.0,0,0,0,0,0,0,0,0,0,0,0,347,0,0,0,0,0,0,19604276,0,0,0,0.0,0.0,0.0,0.0,0.0,0.0,mssql
21603702,1296222120,21603702,0,0,0,0,0,0,21603702,0.0,0.0,0.0,60.0,0,0,0,0,0,0,0,0,0,0,0,385,0,0,0,0,0,0,21603317,0,0,0,0.0,0.0,0.0,0.0,0.0,0.0,mssql
23602001,1416120060,23602001,0,0,0,0,0,0,23602001,0.0,0.0,0.0,60.0,0,0,0,0,0,0,0,0,0,0,0,426,0,0,0,0,0,0,23601575,0,0,0,0.0,0.0,0.0,0.0,0.0,0.0,mssql
25603253,1536195180,25603253,0,0,0,0,0,0,25603253,0.0,0.0,0.0,60.0,0,0,0,0,0,0,0,0,0,0,0,457,0,0,0,0,0,0,25602796,0,0,0,0.0,0.0,0.0,0.0,0.0,0.0,mssql
27601098,1656065880,27601098,0,0,0,0,0,0,27601098,0.0,0.0,0.0,60.0,0,0,0,0,0,0,0,0,0,0,0,495,0,0,0,0,0,0,27600603,0,0,0,0.0,0.0,0.0,0.0,0.0,0.0,mssql
29594369,1775662140,29594369,0,0,0,0,0,0,29594369,0.0,0.0,0.0,60.0,0,0,0,0,0,0,0,0,0,0,0,527,0,0,0,0,0,0,29593842,0,0,0,0.0,0.0,0.0,0.0,0.0,0.0,mssql
31592801,1895568060,31592801,0,0,0,0,0,0,31592801,0.0,0.0,0.0,60.0,0,0,0,0,0,0,0,0,0,0,0,574,0,0,0,0,0,0,31592227,0,0,0,0.0,0.0,0.0,0.0,0.0,0.0,mssql
33592873,2015572380,33592873,0,0,0,0,0,0,33592873,0.0,0.0,0.0,60.0,0,0,0,0,0,0,0,0,0,0,0,596,0,0,0,0,0,0,33592277,0,0,0,0.0,0.0,0.0,0.0,0.0,0.0,mssql
35591655,2135499300,35591655,0,0,0,0,0,0,35591655,0.0,0.0,0.0,60.0,0,0,0,0,0,0,0,0,0,0,0,634,0,0,0,0,0,0,35591021,0,0,0,0.0,0.0,0.0,0.0,0.0,0.0,mssql
37590164,2255409840,37590164,0,0,0,0,0,0,37590164,0.0,0.0,0.0,60.0,0,0,0,0,0,0,0,0,0,0,0,675,0,0,0,0,0,0,37589489,0,0,0,0.0,0.0,0.0,0.0,0.0,0.0,mssql
39591430,2375485800,39591430,0,0,0,0,0,0,39591430,0.0,0.0,0.0,60.0,0,0,0,0,0,0,0,0,0,0,0,706,0,0,0,0,0,0,39590724,0,0,0,0.0,0.0,0.0,0.0,0.0,0.0,mssql
41589662,2495379720,41589662,0,0,0,0,0,0,41589662,0.0,0.0,0.0,60.0,0,0,0,0,0,0,0,0,0,0,0,744,0,0,0,0,0,0,41588918,0,0,0,0.0,0.0,0.0,0.0,0.0,0.0,mssql
43582798,2614967880,43582798,0,0,0,0,0,0,43582798,0.0,0.0,0.0,60.0,0,0,0,0,0,0,0,0,0,0,0,776,0,0,0,0,0,0,43582022,0,0,0,0.0,0.0,0.0,0.0,0.0,0.0,mssql
45581562,2734893720,45581562,0,0,0,0,0,0,45581562,0.0,0.0,0.0,60.0,0,0,0,0,0,0,0,0,0,0,0,823,0,0,0,0,0,0,45580739,0,0,0,0.0,0.0,0.0,0.0,0.0,0.0,mssql
47581250,2854875000,47581250,0,0,0,0,0,0,47581250,0.0,0.0,0.0,60.0,0,0,0,0,0,0,0,0,0,0,0,844,0,0,0,0,0,0,47580406,0,0,0,0.0,0.0,0.0,0.0,0.0,0.0,mssql
49580342,2974820520,49580342,0,0,0,0,0,0,49580342,0.0,0.0,0.0,60.0,0,0,0,0,0,0,0,0,0,0,0,883,0,0,0,0,0,0,49579459,0,0,0,0.0,0.0,0.0,0.0,0.0,0.0,mssql
51578670,3094720200,51578670,0,0,0,0,0,0,51578670,0.0,0.0,0.0,60.0,0,0,0,0,0,0,0,0,0,0,0,924,0,0,0,0,0,0,51577746,0,0,0,0.0,0.0,0.0,0.0,0.0,0.0,mssql
53580210,3214812600,53580210,0,0,0,0,0,0,53580210,0.0,0.0,0.0,60.0,0,0,0,0,0,0,0,0,0,0,0,955,0,0,0,0,0,0,53579255,0,0,0,0.0,0.0,0.0,0.0,0.0,0.0,mssql
55578320,3334699200,55578320,0,0,0,0,0,0,55578320,0.0,0.0,0.0,60.0,0,0,0,0,0,0,0,0,0,0,0,993,0,0,0,0,0,0,55577327,0,0,0,0.0,0.0,0.0,0.0,0.0,0.0,mssql
57571449,3454286940,57571449,0,0,0,0,0,0,57571449,0.0,0.0,0.0,60.0,0,0,0,0,0,0,0,0,0,0,0,1025,0,0,0,0,0,0,57570424,0,0,0,0.0,0.0,0.0,0.0,0.0,0.0,mssql
59570328,3574219680,59570328,0,0,0,0,0,0,59570328,0.0,0.0,0.0,60.0,0,0,0,0,0,0,0,0,0,0,0,1072,0,0,0,0,0,0,59569256,0,0,0,0.0,0.0,0.0,0.0,0.0,0.0,mssql
61570019,3694201140,61570019,0,0,0,0,0,0,61570019,0.0,0.0,0.0,60.0,0,0,0,0,0,0,0,0,0,0,0,1093,0,0,0,0,0,0,61568926,0,0,0,0.0,0.0,0.0,0.0,0.0,0.0,mssql
63569221,3814153260,63569221,0,0,0,0,0,0,63569221,0.0,0.0,0.0,60.0,0,0,0,0,0,0,0,0,0,0,0,1132,0,0,0,0,0,0,63568089,0,0,0,0.0,0.0,0.0,0.0,0.0,0.0,mssql
65567438,3934046280,65567438,0,0,0,0,0,0,65567438,0.0,0.0,0.0,60.0,0,0,0,0,0,0,0,0,0,0,0,1173,0,0,0,0,0,0,65566265,0,0,0,0.0,0.0,0.0,0.0,0.0,0.0,mssql
67569101,4054146060,67569101,0,0,0,0,0,0,67569101,0.0,0.0,0.0,60.0,0,0,0,0,0,0,0,0,0,0,0,1204,0,0,0,0,0,0,67567897,0,0,0,0.0,0.0,0.0,0.0,0.0,0.0,mssql
69566893,4174013580,69566893,0,0,0,0,0,0,69566893,0.0,0.0,0.0,60.0,0,0,0,0,0,0,0,0,0,0,0,1242,0,0,0,0,0,0,69565651,0,0,0,0.0,0.0,0.0,0.0,0.0,0.0,mssql
71560195,4293611700,71560195,0,0,0,0,0,0,71560195,0.0,0.0,0.0,60.0,0,0,0,0,0,0,0,0,0,0,0,1273,0,0,0,0,0,0,71558922,0,0,0,0.0,0.0,0.0,0.0,0.0,0.0,mssql
73558922,4413535320,73558922,0,0,0,0,0,0,73558922,0.0,0.0,0.0,60.0,0,0,0,0,0,0,0,0,0,0,0,1321,0,0,0,0,0,0,73557601,0,0,0,0.0,0.0,0.0,0.0,0.0,0.0,mssql
75558647,4533518820,75558647,0,0,0,0,0,0,75558647,0.0,0.0,0.0,60.0,0,0,0,0,0,0,0,0,0,0,0,1342,0,0,0,0,0,0,75557305,0,0,0,0.0,0.0,0.0,0.0,0.0,0.0,mssql
77557725,4653463500,77557725,0,0,0,0,0,0,77557725,0.0,0.0,0.0,60.0,0,0,0,0,0,0,0,0,0,0,0,1381,0,0,0,0,0,0,77556344,0,0,0,0.0,0.0,0.0,0.0,0.0,0.0,mssql
79555861,4773351660,79555861,0,0,0,0,0,0,79555861,0.0,0.0,0.0,60.0,0,0,0,0,0,0,0,0,0,0,0,1422,0,0,0,0,0,0,79554439,0,0,0,0.0,0.0,0.0,0.0,0.0,0.0,mssql
81557500,4893450000,81557500,0,0,0,0,0,0,81557500,0.0,0.0,0.0,60.0,0,0,0,0,0,0,0,0,0,0,0,1453,0,0,0,0,0,0,81556047,0,0,0,0.0,0.0,0.0,0.0,0.0,0.0,mssql
83555135,5013308100,83555135,0,0,0,0,0,0,83555135,0.0,0.0,0.0,60.0,0,0,0,0,0,0,0,0,0,0,0,1491,0,0,0,0,0,0,83553644,0,0,0,0.0,0.0,0.0,0.0,0.0,0.0,mssql
85548816,5132928960,85548816,0,0,0,0,0,0,85548816,0.0,0.0,0.0,60.0,0,0,0,0,0,0,0,0,0,0,0,1521,0,0,0,0,0,0,85547295,0,0,0,0.0,0.0,0.0,0.0,0.0,0.0,mssql
87547323,5252839380,87547323,0,0,0,0,0,0,87547323,0.0,0.0,0.0,60.0,0,0,0,0,0,0,0,0,0,0,0,1570,0,0,0,0,0,0,87545753,0,0,0,0.0,0.0,0.0,0.0,0.0,0.0,mssql
89546944,5372816640,89546944,0,0,0,0,0,0,89546944,0.0,0.0,0.0,60.0,0,0,0,0,0,0,0,0,0,0,0,1591,0,0,0,0,0,0,89545353,0,0,0,0.0,0.0,0.0,0.0,0.0,0.0,mssql
91545991,5492759460,91545991,0,0,0,0,0,0,91545991,0.0,0.0,0.0,60.0,0,0,0,0,0,0,0,0,0,0,0,1630,0,0,0,0,0,0,91544361,0,0,0,0.0,0.0,0.0,0.0,0.0,0.0,mssql
93544306,5612658360,93544306,0,0,0,0,0,0,93544306,0.0,0.0,0.0,60.0,0,0,0,0,0,0,0,0,0,0,0,1671,0,0,0,0,0,0,93542635,0,0,0,0.0,0.0,0.0,0.0,0.0,0.0,mssql
95546105,5732766300,95546105,0,0,0,0,0,0,95546105,0.0,0.0,0.0,60.0,0,0,0,0,0,0,0,0,0,0,0,1702,0,0,0,0,0,0,95544403,0,0,0,0.0,0.0,0.0,0.0,0.0,0.0,mssql
97543655,5852619300,97543655,0,0,0,0,0,0,97543655,0.0,0.0,0.0,60.0,0,0,0,0,0,0,0,0,0,0,0,1740,0,0,0,0,0,0,97541915,0,0,0,0.0,0.0,0.0,0.0,0.0,0.0,mssql
99537407,5972244420,99537407,0,0,0,0,0,0,99537407,0.0,0.0,0.0,60.0,0,0,0,0,0,0,0,0,0,0,0,1769,0,0,0,0,0,0,99535638,0,0,0,0.0,0.0,0.0,0.0,0.0,0.0,mssql
101535605,6092136300,101535605,0,0,0,0,0,0,101535605,0.0,0.0,0.0,60.0,0,0,0,0,0,0,0,0,0,0,0,1819,0,0,0,0,0,0,101533786,0,0,0,0.0,0.0,0.0,0.0,0.0,0.0,mssql
103535414,6212124840,103535414,0,0,0,0,0,0,103535414,0.0,0.0,0.0,60.0,0,0,0,0,0,0,0,0,0,0,0,1840,0,0,0,0,0,0,103533574,0,0,0,0.0,0.0,0.0,0.0,0.0,0.0,mssql
105534019,6332041140,105534019,0,0,0,0,0,0,105534019,0.0,0.0,0.0,60.0,0,0,0,0,0,0,0,0,0,0,0,1879,0,0,0,0,0,0,105532140,0,0,0,0.0,0.0,0.0,0.0,0.0,0.0,mssql
107532507,6451950420,107532507,0,0,0,0,0,0,107532507,0.0,0.0,0.0,60.0,0,0,0,0,0,0,0,0,0,0,0,1920,0,0,0,0,0,0,107530587,0,0,0,0.0,0.0,0.0,0.0,0.0,0.0,mssql
109534113,6572046780,109534113,0,0,0,0,0,0,109534113,0.0,0.0,0.0,60.0,0,0,0,0,0,0,0,0,0,0,0,1950,0,0,0,0,0,0,109532163,0,0,0,0.0,0.0,0.0,0.0,0.0,0.0,mssql
111531592,6691895520,111531592,0,0,0,0,0,0,111531592,0.0,0.0,0.0,60.0,0,0,0,0,0,0,0,0,0,0,0,1989,0,0,0,0,0,0,111529603,0,0,0,0.0,0.0,0.0,0.0,0.0,0.0,mssql
113525316,6811518960,113525316,0,0,0,0,0,0,113525316,0.0,0.0,0.0,60.0,0,0,0,0,0,0,0,0,0,0,0,2018,0,0,0,0,0,0,113523298,0,0,0,0.0,0.0,0.0,0.0,0.0,0.0,mssql
115523624,6931417440,115523624,0,0,0,0,0,0,115523624,0.0,0.0,0.0,60.0,0,0,0,0,0,0,0,0,0,0,0,2067,0,0,0,0,0,0,115521557,0,0,0,0.0,0.0,0.0,0.0,0.0,0.0,mssql
117523150,7051389000,117523150,0,0,0,0,0,0,117523150,0.0,0.0,0.0,60.0,0,0,0,0,0,0,0,0,0,0,0,2089,0,0,0,0,0,0,117521061,0,0,0,0.0,0.0,0.0,0.0,0.0,0.0,mssql
119521878,7171312680,119521878,0,0,0,0,0,0,119521878,0.0,0.0,0.0,60.0,0,0,0,0,0,0,0,0,0,0,0,2128,0,0,0,0,0,0,119519750,0,0,0,0.0,0.0,0.0,0.0,0.0,0.0,mssql
121520451,7291227060,121520451,0,0,0,0,0,0,121520451,0.0,0.0,0.0,60.0,0,0,0,0,0,0,0,0,0,0,0,2169,0,0,0,0,0,0,121518282,0,0,0,0.0,0.0,0.0,0.0,0.0,0.0,mssql
123521829,7411309740,123521829,0,0,0,0,0,0,123521829,0.0,0.0,0.0,60.0,0,0,0,0,0,0,0,0,0,0,0,2199,0,0,0,0,0,0,123519630,0,0,0,0.0,0.0,0.0,0.0,0.0,0.0,mssql
125519580,7531174800,125519580,0,0,0,0,0,0,125519580,0.0,0.0,0.0,60.0,0,0,0,0,0,0,0,0,0,0,0,2237,0,0,0,0,0,0,125517343,0,0,0,0.0,0.0,0.0,0.0,0.0,0.0,mssql
127513310,7650798600,127513310,0,0,0,0,0,0,127513310,0.0,0.0,0.0,60.0,0,0,0,0,0,0,0,0,0,0,0,2267,0,0,0,0,0,0,127511043,0,0,0,0.0,0.0,0.0,0.0,0.0,0.0,mssql
129511498,7770689880,129511498,0,0,0,0,0,0,129511498,0.0,0.0,0.0,60.0,0,0,0,0,0,0,0,0,0,0,0,2316,0,0,0,0,0,0,129509182,0,0,0,0.0,0.0,0.0,0.0,0.0,0.0,mssql
131511128,7890667680,131511128,0,0,0,0,0,0,131511128,0.0,0.0,0.0,60.0,0,0,0,0,0,0,0,0,0,0,0,2338,0,0,0,0,0,0,131508790,0,0,0,0.0,0.0,0.0,0.0,0.0,0.0,mssql
133509894,8010593640,133509894,0,0,0,0,0,0,133509894,0.0,0.0,0.0,60.0,0,0,0,0,0,0,0,0,0,0,0,2377,0,0,0,0,0,0,133507517,0,0,0,0.0,0.0,0.0,0.0,0.0,0.0,mssql
135508563,8130513780,135508563,0,0,0,0,0,0,135508563,0.0,0.0,0.0,60.0,0,0,0,0,0,0,0,0,0,0,0,2418,0,0,0,0,0,0,135506145,0,0,0,0.0,0.0,0.0,0.0,0.0,0.0,mssql
137510070,8250604200,137510070,0,0,0,0,0,0,137510070,0.0,0.0,0.0,60.0,0,0,0,0,0,0,0,0,0,0,0,2448,0,0,0,0,0,0,137507622,0,0,0,0.0,0.0,0.0,0.0,0.0,0.0,mssql
139507913,8370474780,139507913,0,0,0,0,0,0,139507913,0.0,0.0,0.0,60.0,0,0,0,0,0,0,0,0,0,0,0,2485,0,0,0,0,0,0,139505428,0,0,0,0.0,0.0,0.0,0.0,0.0,0.0,mssql
141501757,8490105420,141501757,0,0,0,0,0,0,141501757,0.0,0.0,0.0,60.0,0,0,0,0,0,0,0,0,0,0,0,2515,0,0,0,0,0,0,141499242,0,0,0,0.0,0.0,0.0,0.0,0.0,0.0,mssql
143499735,8609984100,143499735,0,0,0,0,0,0,143499735,0.0,0.0,0.0,60.0,0,0,0,0,0,0,0,0,0,0,0,2565,0,0,0,0,0,0,143497170,0,0,0,0.0,0.0,0.0,0.0,0.0,0.0,mssql
145499655,8729979300,145499655,0,0,0,0,0,0,145499655,0.0,0.0,0.0,60.0,0,0,0,0,0,0,0,0,0,0,0,2587,0,0,0,0,0,0,145497068,0,0,0,0.0,0.0,0.0,0.0,0.0,0.0,mssql
147498353,8849901180,147498353,0,0,0,0,0,0,147498353,0.0,0.0,0.0,60.0,0,0,0,0,0,0,0,0,0,0,0,2624,0,0,0,0,0,0,147495729,0,0,0,0.0,0.0,0.0,0.0,0.0,0.0,mssql
149497156,8969829360,149497156,0,0,0,0,0,0,149497156,0.0,0.0,0.0,60.0,0,0,0,0,0,0,0,0,0,0,0,2667,0,0,0,0,0,0,149494489,0,0,0,0.0,0.0,0.0,0.0,0.0,0.0,mssql
151498389,9089903340,151498389,0,0,0,0,0,0,151498389,0.0,0.0,0.0,60.0,0,0,0,0,0,0,0,0,0,0,0,2697,0,0,0,0,0,0,151495692,0,0,0,0.0,0.0,0.0,0.0,0.0,0.0,mssql
153496198,9209771880,153496198,0,0,0,0,0,0,153496198,0.0,0.0,0.0,60.0,0,0,0,0,0,0,0,0,0,0,0,2734,0,0,0,0,0,0,153493464,0,0,0,0.0,0.0,0.0,0.0,0.0,0.0,mssql
155490229,9329413740,155490229,0,0,0,0,0,0,155490229,0.0,0.0,0.0,60.0,0,0,0,0,0,0,0,0,0,0,0,2764,0,0,0,0,0,0,155487465,0,0,0,0.0,0.0,0.0,0.0,0.0,0.0,mssql
157487991,9449279460,157487991,0,0,0,0,0,0,157487991,0.0,0.0,0.0,60.0,0,0,0,0,0,0,0,0,0,0,0,2813,0,0,0,0,0,0,157485178,0,0,0,0.0,0.0,0.0,0.0,0.0,0.0,mssql
159487914,9569274840,159487914,0,0,0,0,0,0,159487914,0.0,0.0,0.0,60.0,0,0,0,0,0,0,0,0,0,0,0,2836,0,0,0,0,0,0,159485078,0,0,0,0.0,0.0,0.0,0.0,0.0,0.0,mssql
161486768,9689206080,161486768,0,0,0,0,0,0,161486768,0.0,0.0,0.0,60.0,0,0,0,0,0,0,0,0,0,0,0,2873,0,0,0,0,0,0,161483895,0,0,0,0.0,0.0,0.0,0.0,0.0,0.0,mssql
163485677,9809140620,163485677,0,0,0,0,0,0,163485677,0.0,0.0,0.0,60.0,0,0,0,0,0,0,0,0,0,0,0,2916,0,0,0,0,0,0,163482761,0,0,0,0.0,0.0,0.0,0.0,0.0,0.0,mssql
165486801,9929208060,165486801,0,0,0,0,0,0,165486801,0.0,0.0,0.0,60.0,0,0,0,0,0,0,0,0,0,0,0,2946,0,0,0,0,0,0,165483855,0,0,0,0.0,0.0,0.0,0.0,0.0,0.0,mssql
167484716,10049082900,167484716,0,0,0,0,0,0,167484716,0.0,0.0,0.0,59.99999964175836,0,0,0,0,0,0,0,0,0,0,0,2983,0,0,0,0,0,0,167481732,0,0,0,0.0,0.0,0.0,0.0,0.0,0.0,mssql
169478562,10168713720,169478562,0,0,0,0,0,0,169478562,0.0,0.0,0.0,60.0,0,0,0,0,0,0,0,0,0,0,0,3012,0,0,0,0,0,0,169475550,0,0,0,0.0,0.0,0.0,0.0,0.0,0.0,mssql
171476427,10288585620,171476427,0,0,0,0,0,0,171476427,0.0,0.0,0.0,60.0,0,0,0,0,0,0,0,0,0,0,0,3062,0,0,0,0,0,0,171473365,0,0,0,0.0,0.0,0.0,0.0,0.0,0.0,mssql
173476440,10408586400,173476440,0,0,0,0,0,0,173476440,0.0,0.0,0.0,60.0,0,0,0,0,0,0,0,0,0,0,0,3085,0,0,0,0,0,0,173473355,0,0,0,0.0,0.0,0.0,0.0,0.0,0.0,mssql
175475371,10528522260,175475371,0,0,0,0,0,0,175475371,0.0,0.0,0.0,60.0,0,0,0,0,0,0,0,0,0,0,0,3122,0,0,0,0,0,0,175472249,0,0,0,0.0,0.0,0.0,0.0,0.0,0.0,mssql
177474205,10648452300,177474205,0,0,0,0,0,0,177474205,0.0,0.0,0.0,60.0,0,0,0,0,0,0,0,0,0,0,0,3165,0,0,0,0,0,0,177471040,0,0,0,0.0,0.0,0.0,0.0,0.0,0.0,mssql
179475241,10768514460,179475241,0,0,0,0,0,0,179475241,0.0,0.0,0.0,60.0,0,0,0,0,0,0,0,0,0,0,0,3195,0,0,0,0,0,0,179472046,0,0,0,0.0,0.0,0.0,0.0,0.0,0.0,mssql
181473369,10888402140,181473369,0,0,0,0,0,0,181473369,0.0,0.0,0.0,60.0,0,0,0,0,0,0,0,0,0,0,0,3232,0,0,0,0,0,0,181470137,0,0,0,0.0,0.0,0.0,0.0,0.0,0.0,mssql
183467122,11008027320,183467122,0,0,0,0,0,0,183467122,0.0,0.0,0.0,60.0,0,0,0,0,0,0,0,0,0,0,0,3261,0,0,0,0,0,0,183463861,0,0,0,0.0,0.0,0.0,0.0,0.0,0.0,mssql
185464910,11127894600,185464910,0,0,0,0,0,0,185464910,0.0,0.0,0.0,60.0,0,0,0,0,0,0,0,0,0,0,0,3310,0,0,0,0,0,0,185461600,0,0,0,0.0,0.0,0.0,0.0,0.0,0.0,mssql
187465015,11247900900,187465015,0,0,0,0,0,0,187465015,0.0,0.0,0.0,60.0,0,0,0,0,0,0,0,0,0,0,0,3334,0,0,0,0,0,0,187461681,0,0,0,0.0,0.0,0.0,0.0,0.0,0.0,mssql
189463940,11367836400,189463940,0,0,0,0,0,0,189463940,0.0,0.0,0.0,60.0,0,0,0,0,0,0,0,0,0,0,0,3371,0,0,0,0,0,0,189460569,0,0,0,0.0,0.0,0.0,0.0,0.0,0.0,mssql
191462478,11487748680,191462478,0,0,0,0,0,0,191462478,0.0,0.0,0.0,60.0,0,0,0,0,0,0,0,0,0,0,0,3414,0,0,0,0,0,0,191459064,0,0,0,0.0,0.0,0.0,0.0,0.0,0.0,mssql
193463678,11607820680,193463678,0,0,0,0,0,0,193463678,0.0,0.0,0.0,60.0,0,0,0,0,0,0,0,0,0,0,0,3443,0,0,0,0,0,0,193460235,0,0,0,0.0,0.0,0.0,0.0,0.0,0.0,mssql
195461905,11727714300,195461905,0,0,0,0,0,0,195461905,0.0,0.0,0.0,60.0,0,0,0,0,0,0,0,0,0,0,0,3481,0,0,0,0,0,0,195458424,0,0,0,0.0,0.0,0.0,0.0,0.0,0.0,mssql
197455578,11847334680,197455578,0,0,0,0,0,0,197455578,0.0,0.0,0.0,60.0,0,0,0,0,0,0,0,0,0,0,0,3510,0,0,0,0,0,0,197452068,0,0,0,0.0,0.0,0.0,0.0,0.0,0.0,mssql
199453562,11967213720,199453562,0,0,0,0,0,0,199453562,0.0,0.0,0.0,60.0,0,0,0,0,0,0,0,0,0,0,0,3559,0,0,0,0,0,0,199450003,0,0,0,0.0,0.0,0.0,0.0,0.0,0.0,mssql
201453557,12087213420,201453557,0,0,0,0,0,0,201453557,0.0,0.0,0.0,60.0,0,0,0,0,0,0,0,0,0,0,0,3583,0,0,0,0,0,0,201449974,0,0,0,0.0,0.0,0.0,0.0,0.0,0.0,mssql
203452295,12207137700,203452295,0,0,0,0,0,0,203452295,0.0,0.0,0.0,60.0,0,0,0,0,0,0,0,0,0,0,0,3620,0,0,0,0,0,0,203448675,0,0,0,0.0,0.0,0.0,0.0,0.0,0.0,mssql
205451206,12327072360,205451206,0,0,0,0,0,0,205451206,0.0,0.0,0.0,60.0,0,0,0,0,0,0,0,0,0,0,0,3663,0,0,0,0,0,0,205447543,0,0,0,0.0,0.0,0.0,0.0,0.0,0.0,mssql
207452280,12447136800,207452280,0,0,0,0,0,0,207452280,0.0,0.0,0.0,60.0,0,0,0,0,0,0,0,0,0,0,0,3692,0,0,0,0,0,0,207448588,0,0,0,0.0,0.0,0.0,0.0,0.0,0.0,mssql
209450715,12567042900,209450715,0,0,0,0,0,0,209450715,0.0,0.0,0.0,60.0,0,0,0,0,0,0,0,0,0,0,0,3730,0,0,0,0,0,0,209446985,0,0,0,0.0,0.0,0.0,0.0,0.0,0.0,mssql
211444135,12686648100,211444135,0,0,0,0,0,0,211444135,0.0,0.0,0.0,60.0,0,0,0,0,0,0,0,0,0,0,0,3759,0,0,0,0,0,0,211440376,0,0,0,0.0,0.0,0.0,0.0,0.0,0.0,mssql
213442103,12806526180,213442103,0,0,0,0,0,0,213442103,0.0,0.0,0.0,60.0,0,0,0,0,0,0,0,0,0,0,0,3808,0,0,0,0,0,0,213438295,0,0,0,0.0,0.0,0.0,0.0,0.0,0.0,mssql
215441962,12926517720,215441962,0,0,0,0,0,0,215441962,0.0,0.0,0.0,60.0,0,0,0,0,0,0,0,0,0,0,0,3832,0,0,0,0,0,0,215438130,0,0,0,0.0,0.0,0.0,0.0,0.0,0.0,mssql
217440661,13046439660,217440661,0,0,0,0,0,0,217440661,0.0,0.0,0.0,60.0,0,0,0,0,0,0,0,0,0,0,0,3869,0,0,0,0,0,0,217436792,0,0,0,0.0,0.0,0.0,0.0,0.0,0.0,mssql
219439663,13166379780,219439663,0,0,0,0,0,0,219439663,0.0,0.0,0.0,60.0,0,0,0,0,0,0,0,0,0,0,0,3911,0,0,0,0,0,0,219435752,0,0,0,0.0,0.0,0.0,0.0,0.0,0.0,mssql
221441053,13286463180,221441053,0,0,0,0,0,0,221441053,0.0,0.0,0.0,60.0,0,0,0,0,0,0,0,0,0,0,0,3941,0,0,0,0,0,0,221437112,0,0,0,0.0,0.0,0.0,0.0,0.0,0.0,mssql
223439242,13406354520,223439242,0,0,0,0,0,0,223439242,0.0,0.0,0.0,60.0,0,0,0,0,0,0,0,0,0,0,0,3979,0,0,0,0,0,0,223435263,0,0,0,0.0,0.0,0.0,0.0,0.0,0.0,mssql
225432536,13525952160,225432536,0,0,0,0,0,0,225432536,0.0,0.0,0.0,60.0,0,0,0,0,0,0,0,0,0,0,0,4008,0,0,0,0,0,0,225428528,0,0,0,0.0,0.0,0.0,0.0,0.0,0.0,mssql
227430745,13645844700,227430745,0,0,0,0,0,0,227430745,0.0,0.0,0.0,60.0,0,0,0,0,0,0,0,0,0,0,0,4056,0,0,0,0,0,0,227426689,0,0,0,0.0,0.0,0.0,0.0,0.0,0.0,mssql
229430459,13765827540,229430459,0,0,0,0,0,0,229430459,0.0,0.0,0.0,60.0,0,0,0,0,0,0,0,0,0,0,0,4081,0,0,0,0,0,0,229426378,0,0,0,0.0,0.0,0.0,0.0,0.0,0.0,mssql
231429337,13885760220,231429337,0,0,0,0,0,0,231429337,0.0,0.0,0.0,60.0,0,0,0,0,0,0,0,0,0,0,0,4118,0,0,0,0,0,0,231425219,0,0,0,0.0,0.0,0.0,0.0,0.0,0.0,mssql
233428157,14005689420,233428157,0,0,0,0,0,0,233428157,0.0,0.0,0.0,60.0,0,0,0,0,0,0,0,0,0,0,0,4158,0,0,0,0,0,0,233423999,0,0,0,0.0,0.0,0.0,0.0,0.0,0.0,mssql
235429864,14125791840,235429864,0,0,0,0,0,0,235429864,0.0,0.0,0.0,60.0,0,0,0,0,0,0,0,0,0,0,0,4190,0,0,0,0,0,0,235425674,0,0,0,0.0,0.0,0.0,0.0,0.0,0.0,mssql
237427976,14245678560,237427976,0,0,0,0,0,0,237427976,0.0,0.0,0.0,60.0,0,0,0,0,0,0,0,0,0,0,0,4228,0,0,0,0,0,0,237423748,0,0,0,0.0,0.0,0.0,0.0,0.0,0.0,mssql
239421139,14365268340,239421139,0,0,0,0,0,0,239421139,0.0,0.0,0.0,60.0,0,0,0,0,0,0,0,0,0,0,0,4257,0,0,0,0,0,0,239416882,0,0,0,0.0,0.0,0.0,0.0,0.0,0.0,mssql
241419209,14485152540,241419209,0,0,0,0,0,0,241419209,0.0,0.0,0.0,60.0,0,0,0,0,0,0,0,0,0,0,0,4305,0,0,0,0,0,0,241414904,0,0,0,0.0,0.0,0.0,0.0,0.0,0.0,mssql
243419036,14605142160,243419036,0,0,0,0,0,0,243419036,0.0,0.0,0.0,60.0,0,0,0,0,0,0,0,0,0,0,0,4330,0,0,0,0,0,0,243414706,0,0,0,0.0,0.0,0.0,0.0,0.0,0.0,mssql
245417913,14725074780,245417913,0,0,0,0,0,0,245417913,0.0,0.0,0.0,60.0,0,0,0,0,0,0,0,0,0,0,0,4367,0,0,0,0,0,0,245413546,0,0,0,0.0,0.0,0.0,0.0,0.0,0.0,mssql
247416667,14845000020,247416667,0,0,0,0,0,0,247416667,0.0,0.0,0.0,60.0,0,0,0,0,0,0,0,0,0,0,0,4407,0,0,0,0,0,0,247412260,0,0,0,0.0,0.0,0.0,0.0,0.0,0.0,mssql
249418393,14965103580,249418393,0,0,0,0,0,0,249418393,0.0,0.0,0.0,60.0,0,0,0,0,0,0,0,0,0,0,0,4439,0,0,0,0,0,0,249413954,0,0,0,0.0,0.0,0.0,0.0,0.0,0.0,mssql
251416542,15084992520,251416542,0,0,0,0,0,0,251416542,0.0,0.0,0.0,60.0,0,0,0,0,0,0,0,0,0,0,0,4476,0,0,0,0,0,0,251412066,0,0,0,0.0,0.0,0.0,0.0,0.0,0.0,mssql
253409913,15204594780,253409913,0,0,0,0,0,0,253409913,0.0,0.0,0.0,60.0,0,0,0,0,0,0,0,0,0,0,0,4506,0,0,0,0,0,0,253405407,0,0,0,0.0,0.0,0.0,0.0,0.0,0.0,mssql
255407761,15324465660,255407761,0,0,0,0,0,0,255407761,0.0,0.0,0.0,60.0,0,0,0,0,0,0,0,0,0,0,0,4554,0,0,0,0,0,0,255403207,0,0,0,0.0,0.0,0.0,0.0,0.0,0.0,mssql
257407472,15444448320,257407472,0,0,0,0,0,0,257407472,0.0,0.0,0.0,60.0,0,0,0,0,0,0,0,0,0,0,0,4579,0,0,0,0,0,0,257402893,0,0,0,0.0,0.0,0.0,0.0,0.0,0.0,mssql
259406442,15564386520,259406442,0,0,0,0,0,0,259406442,0.0,0.0,0.0,60.0,0,0,0,0,0,0,0,0,0,0,0,4615,0,0,0,0,0,0,259401827,0,0,0,0.0,0.0,0.0,0.0,0.0,0.0,mssql
261405293,15684317580,261405293,0,0,0,0,0,0,261405293,0.0,0.0,0.0,60.0,0,0,0,0,0,0,0,0,0,0,0,4656,0,0,0,0,0,0,261400637,0,0,0,0.0,0.0,0.0,0.0,0.0,0.0,mssql
263407003,15804420180,263407003,0,0,0,0,0,0,263407003,0.0,0.0,0.0,60.0,0,0,0,0,0,0,0,0,0,0,0,4688,0,0,0,0,0,0,263402315,0,0,0,0.0,0.0,0.0,0.0,0.0,0.0,mssql
265405053,15924303180,265405053,0,0,0,0,0,0,265405053,0.0,0.0,0.0,60.0,0,0,0,0,0,0,0,0,0,0,0,4724,0,0,0,0,0,0,265400329,0,0,0,0.0,0.0,0.0,0.0,0.0,0.0,mssql
267398447,16043906820,267398447,0,0,0,0,0,0,267398447,0.0,0.0,0.0,60.0,0,0,0,0,0,0,0,0,0,0,0,4755,0,0,0,0,0,0,267393692,0,0,0,0.0,0.0,0.0,0.0,0.0,0.0,mssql
269396128,16163767680,269396128,0,0,0,0,0,0,269396128,0.0,0.0,0.0,60.0,0,0,0,0,0,0,0,0,0,0,0,4802,0,0,0,0,0,0,269391326,0,0,0,0.0,0.0,0.0,0.0,0.0,0.0,mssql
271395761,16283745660,271395761,0,0,0,0,0,0,271395761,0.0,0.0,0.0,60.0,0,0,0,0,0,0,0,0,0,0,0,4828,0,0,0,0,0,0,271390933,0,0,0,0.0,0.0,0.0,0.0,0.0,0.0,mssql
273394679,16403680740,273394679,0,0,0,0,0,0,273394679,0.0,0.0,0.0,60.0,0,0,0,0,0,0,0,0,0,0,0,4864,0,0,0,0,0,0,273389815,0,0,0,0.0,0.0,0.0,0.0,0.0,0.0,mssql
275393941,16523636460,275393941,0,0,0,0,0,0,275393941,0.0,0.0,0.0,60.0,0,0,0,0,0,0,0,0,0,0,0,4904,0,0,0,0,0,0,275389037,0,0,0,0.0,0.0,0.0,0.0,0.0,0.0,mssql
277395263,16643715780,277395263,0,0,0,0,0,0,277395263,0.0,0.0,0.0,60.0,0,0,0,0,0,0,0,0,0,0,0,4936,0,0,0,0,0,0,277390327,0,0,0,0.0,0.0,0.0,0.0,0.0,0.0,mssql
279393404,16763604240,279393404,0,0,0,0,0,0,279393404,0.0,0.0,0.0,60.0,0,0,0,0,0,0,0,0,0,0,0,4973,0,0,0,0,0,0,279388431,0,0,0,0.0,0.0,0.0,0.0,0.0,0.0,mssql
281386881,16883212860,281386881,0,0,0,0,0,0,281386881,0.0,0.0,0.0,60.0,0,0,0,0,0,0,0,0,0,0,0,5004,0,0,0,0,0,0,281381877,0,0,0,0.0,0.0,0.0,0.0,0.0,0.0,mssql
283384549,17003072940,283384549,0,0,0,0,0,0,283384549,0.0,0.0,0.0,60.0,0,0,0,0,0,0,0,0,0,0,0,5050,0,0,0,0,0,0,283379499,0,0,0,0.0,0.0,0.0,0.0,0.0,0.0,mssql
285384448,17123066880,285384448,0,0,0,0,0,0,285384448,0.0,0.0,0.0,60.0,0,0,0,0,0,0,0,0,0,0,0,5077,0,0,0,0,0,0,285379371,0,0,0,0.0,0.0,0.0,0.0,0.0,0.0,mssql
287383197,17242991820,287383197,0,0,0,0,0,0,287383197,0.0,0.0,0.0,60.0,0,0,0,0,0,0,0,0,0,0,0,5112,0,0,0,0,0,0,287378085,0,0,0,0.0,0.0,0.0,0.0,0.0,0.0,mssql
289382301,17362938060,289382301,0,0,0,0,0,0,289382301,0.0,0.0,0.0,60.0,0,0,0,0,0,0,0,0,0,0,0,5153,0,0,0,0,0,0,289377148,0,0,0,0.0,0.0,0.0,0.0,0.0,0.0,mssql
291383866,17483031960,291383866,0,0,0,0,0,0,291383866,0.0,0.0,0.0,60.0,0,0,0,0,0,0,0,0,0,0,0,5185,0,0,0,0,0,0,291378681,0,0,0,0.0,0.0,0.0,0.0,0.0,0.0,mssql
293381983,17602918980,293381983,0,0,0,0,0,0,293381983,0.0,0.0,0.0,60.0,0,0,0,0,0,0,0,0,0,0,0,5222,0,0,0,0,0,0,293376761,0,0,0,0.0,0.0,0.0,0.0,0.0,0.0,mssql
295375453,17722527180,295375453,0,0,0,0,0,0,295375453,0.0,0.0,0.0,60.0,0,0,0,0,0,0,0,0,0,0,0,5252,0,0,0,0,0,0,295370201,0,0,0,0.0,0.0,0.0,0.0,0.0,0.0,mssql
297372958,17842377480,297372958,0,0,0,0,0,0,297372958,0.0,0.0,0.0,60.0,0,0,0,0,0,0,0,0,0,0,0,5299,0,0,0,0,0,0,297367659,0,0,0,0.0,0.0,0.0,0.0,0.0,0.0,mssql
299373033,17962381980,299373033,0,0,0,0,0,0,299373033,0.0,0.0,0.0,60.0,0,0,0,0,0,0,0,0,0,0,0,5326,0,0,0,0,0,0,299367707,0,0,0,0.0,0.0,0.0,0.0,0.0,0.0,mssql
301371871,18082312260,301371871,0,0,0,0,0,0,301371871,0.0,0.0,0.0,60.0,0,0,0,0,0,0,0,0,0,0,0,5361,0,0,0,0,0,0,301366510,0,0,0,0.0,0.0,0.0,0.0,0.0,0.0,mssql
303370675,18202240500,303370675,0,0,0,0,0,0,303370675,0.0,0.0,0.0,60.0,0,0,0,0,0,0,0,0,0,0,0,5402,0,0,0,0,0,0,303365273,0,0,0,0.0,0.0,0.0,0.0,0.0,0.0,mssql
305372527,18322351620,305372527,0,0,0,0,0,0,305372527,0.0,0.0,0.0,60.0,0,0,0,0,0,0,0,0,0,0,0,5434,0,0,0,0,0,0,305367093,0,0,0,0.0,0.0,0.0,0.0,0.0,0.0,mssql
307370602,18442236120,307370602,0,0,0,0,0,0,307370602,0.0,0.0,0.0,60.0,0,0,0,0,0,0,0,0,0,0,0,5471,0,0,0,0,0,0,307365131,0,0,0,0.0,0.0,0.0,0.0,0.0,0.0,mssql
309363958,18561837480,309363958,0,0,0,0,0,0,309363958,0.0,0.0,0.0,60.0,0,0,0,0,0,0,0,0,0,0,0,5500,0,0,0,0,0,0,309358458,0,0,0,0.0,0.0,0.0,0.0,0.0,0.0,mssql
311361457,18681687420,311361457,0,0,0,0,0,0,311361457,0.0,0.0,0.0,60.0,0,0,0,0,0,0,0,0,0,0,0,5547,0,0,0,0,0,0,311355910,0,0,0,0.0,0.0,0.0,0.0,0.0,0.0,mssql
313361770,18801706200,313361770,0,0,0,0,0,0,313361770,0.0,0.0,0.0,60.0,0,0,0,0,0,0,0,0,0,0,0,5575,0,0,0,0,0,0,313356195,0,0,0,0.0,0.0,0.0,0.0,0.0,0.0,mssql
315360671,18921640260,315360671,0,0,0,0,0,0,315360671,0.0,0.0,0.0,60.0,0,0,0,0,0,0,0,0,0,0,0,5610,0,0,0,0,0,0,315355061,0,0,0,0.0,0.0,0.0,0.0,0.0,0.0,mssql
317359599,19041575940,317359599,0,0,0,0,0,0,317359599,0.0,0.0,0.0,60.0,0,0,0,0,0,0,0,0,0,0,0,5651,0,0,0,0,0,0,317353948,0,0,0,0.0,0.0,0.0,0.0,0.0,0.0,mssql
319361325,19161679500,319361325,0,0,0,0,0,0,319361325,0.0,0.0,0.0,60.0,0,0,0,0,0,0,0,0,0,0,0,5683,0,0,0,0,0,0,319355642,0,0,0,0.0,0.0,0.0,0.0,0.0,0.0,mssql
321359301,19281558060,321359301,0,0,0,0,0,0,321359301,0.0,0.0,0.0,60.0,0,0,0,0,0,0,0,0,0,0,0,5719,0,0,0,0,0,0,321353582,0,0,0,0.0,0.0,0.0,0.0,0.0,0.0,mssql
323352458,19401147480,323352458,0,0,0,0,0,0,323352458,0.0,0.0,0.0,60.0,0,0,0,0,0,0,0,0,0,0,0,5749,0,0,0,0,0,0,323346709,0,0,0,0.0,0.0,0.0,0.0,0.0,0.0,mssql
325350153,19521009180,325350153,0,0,0,0,0,0,325350153,0.0,0.0,0.0,60.0,0,0,0,0,0,0,0,0,0,0,0,5795,0,0,0,0,0,0,325344358,0,0,0,0.0,0.0,0.0,0.0,0.0,0.0,mssql
327350500,19641030000,327350500,0,0,0,0,0,0,327350500,0.0,0.0,0.0,60.0,0,0,0,0,0,0,0,0,0,0,0,5824,0,0,0,0,0,0,327344676,0,0,0,0.0,0.0,0.0,0.0,0.0,0.0,mssql
329349251,19760955060,329349251,0,0,0,0,0,0,329349251,0.0,0.0,0.0,60.0,0,0,0,0,0,0,0,0,0,0,0,5859,0,0,0,0,0,0,329343392,0,0,0,0.0,0.0,0.0,0.0,0.0,0.0,mssql
331348306,19880898360,331348306,0,0,0,0,0,0,331348306,0.0,0.0,0.0,60.0,0,0,0,0,0,0,0,0,0,0,0,5900,0,0,0,0,0,0,331342406,0,0,0,0.0,0.0,0.0,0.0,0.0,0.0,mssql
333350068,20001004080,333350068,0,0,0,0,0,0,333350068,0.0,0.0,0.0,60.0,0,0,0,0,0,0,0,0,0,0,0,5931,0,0,0,0,0,0,333344137,0,0,0,0.0,0.0,0.0,0.0,0.0,0.0,mssql
335348118,20120887080,335348118,0,0,0,0,0,0,335348118,0.0,0.0,0.0,60.0,0,0,0,0,0,0,0,0,0,0,0,5968,0,0,0,0,0,0,335342150,0,0,0,0.0,0.0,0.0,0.0,0.0,0.0,mssql
337341269,20240476140,337341269,0,0,0,0,0,0,337341269,0.0,0.0,0.0,60.0,0,0,0,0,0,0,0,0,0,0,0,5998,0,0,0,0,0,0,337335271,0,0,0,0.0,0.0,0.0,0.0,0.0,0.0,mssql
339338708,20360322480,339338708,0,0,0,0,0,0,339338708,0.0,0.0,0.0,60.0,0,0,0,0,0,0,0,0,0,0,0,6044,0,0,0,0,0,0,339332664,0,0,0,0.0,0.0,0.0,0.0,0.0,0.0,mssql
341339073,20480344380,341339073,0,0,0,0,0,0,341339073,0.0,0.0,0.0,60.0,0,0,0,0,0,0,0,0,0,0,0,6071,0,0,0,0,0,0,341333002,0,0,0,0.0,0.0,0.0,0.0,0.0,0.0,mssql
343338026,20600281560,343338026,0,0,0,0,0,0,343338026,0.0,0.0,0.0,60.0,0,0,0,0,0,0,0,0,0,0,0,6107,0,0,0,0,0,0,343331919,0,0,0,0.0,0.0,0.0,0.0,0.0,0.0,mssql
345337030,20720221800,345337030,0,0,0,0,0,0,345337030,0.0,0.0,0.0,60.0,0,0,0,0,0,0,0,0,0,0,0,6149,0,0,0,0,0,0,345330881,0,0,0,0.0,0.0,0.0,0.0,0.0,0.0,mssql
347338889,20840333340,347338889,0,0,0,0,0,0,347338889,0.0,0.0,0.0,60.0,0,0,0,0,0,0,0,0,0,0,0,6180,0,0,0,0,0,0,347332709,0,0,0,0.0,0.0,0.0,0.0,0.0,0.0,mssql
349336866,20960211960,349336866,0,0,0,0,0,0,349336866,0.0,0.0,0.0,60.0,0,0,0,0,0,0,0,0,0,0,0,6217,0,0,0,0,0,0,349330649,0,0,0,0.0,0.0,0.0,0.0,0.0,0.0,mssql
351329890,21079793400,351329890,0,0,0,0,0,0,351329890,0.0,0.0,0.0,60.0,0,0,0,0,0,0,0,0,0,0,0,6246,0,0,0,0,0,0,351323644,0,0,0,0.0,0.0,0.0,0.0,0.0,0.0,mssql
